0 verbose cli C:\Program Files\nodejs\node.exe C:\Users\hp\AppData\Roaming\npm\node_modules\npm\bin\npm-cli.js
1 info using npm@11.6.1
2 info using node@v22.16.0
3 silly config load:file:C:\Users\hp\AppData\Roaming\npm\node_modules\npm\npmrc
4 silly config load:file:C:\Users\hp\Desktop\projects\weather-app\.npmrc
5 silly config load:file:C:\Users\hp\.npmrc
6 silly config load:file:C:\Users\hp\AppData\Roaming\npm\etc\npmrc
7 verbose title npm install
8 verbose argv "install"
9 verbose logfile logs-max:10 dir:C:\Users\hp\Desktop\projects\weather-app\UsershpAppDataLocalTempnpm-cache\_logs\2026-01-01T17_40_33_085Z-
10 verbose logfile C:\Users\hp\Desktop\projects\weather-app\UsershpAppDataLocalTempnpm-cache\_logs\2026-01-01T17_40_33_085Z-debug-0.log
11 silly logfile done cleaning log files
12 silly packumentCache heap:2197815296 maxSize:549453824 maxEntrySize:274726912
13 silly idealTree buildDeps
14 silly fetch manifest react@^18.2.0
15 silly packumentCache full:https://registry.npmjs.org/react cache-miss
16 http fetch GET 200 https://registry.npmjs.org/npm 646ms
17 http fetch GET 200 https://registry.npmjs.org/react 740ms (cache miss)
18 silly packumentCache full:https://registry.npmjs.org/react set size:undefined disposed:false
19 silly fetch manifest react-dom@^18.2.0
20 silly packumentCache full:https://registry.npmjs.org/react-dom cache-miss
21 http fetch GET 200 https://registry.npmjs.org/react-dom 377ms (cache miss)
22 silly packumentCache full:https://registry.npmjs.org/react-dom set size:undefined disposed:false
23 silly fetch manifest chart.js@^4.4.1
24 silly packumentCache full:https://registry.npmjs.org/chart.js cache-miss
25 http fetch GET 200 https://registry.npmjs.org/chart.js 122ms (cache miss)
26 silly packumentCache full:https://registry.npmjs.org/chart.js set size:undefined disposed:false
27 silly fetch manifest react-chartjs-2@^5.2.0
28 silly packumentCache full:https://registry.npmjs.org/react-chartjs-2 cache-miss
29 http fetch GET 200 https://registry.npmjs.org/react-chartjs-2 107ms (cache miss)
30 silly packumentCache full:https://registry.npmjs.org/react-chartjs-2 set size:undefined disposed:false
31 silly fetch manifest leaflet@^1.9.4
32 silly packumentCache full:https://registry.npmjs.org/leaflet cache-miss
33 http fetch GET 200 https://registry.npmjs.org/leaflet 84ms (cache miss)
34 silly packumentCache full:https://registry.npmjs.org/leaflet set size:undefined disposed:false
35 silly fetch manifest react-leaflet@^4.2.1
36 silly packumentCache full:https://registry.npmjs.org/react-leaflet cache-miss
37 http fetch GET 200 https://registry.npmjs.org/react-leaflet 475ms (cache miss)
38 silly packumentCache full:https://registry.npmjs.org/react-leaflet set size:undefined disposed:false
39 silly fetch manifest @types/react@^18.2.43
40 silly packumentCache full:https://registry.npmjs.org/@types%2freact cache-miss
41 http fetch GET 200 https://registry.npmjs.org/@types%2freact 143ms (cache miss)
42 silly packumentCache full:https://registry.npmjs.org/@types%2freact set size:undefined disposed:false
43 silly fetch manifest @types/react-dom@^18.2.17
44 silly packumentCache full:https://registry.npmjs.org/@types%2freact-dom cache-miss
45 http fetch GET 200 https://registry.npmjs.org/@types%2freact-dom 106ms (cache miss)
46 silly packumentCache full:https://registry.npmjs.org/@types%2freact-dom set size:undefined disposed:false
47 silly fetch manifest @vitejs/plugin-react@^4.2.1
48 silly packumentCache full:https://registry.npmjs.org/@vitejs%2fplugin-react cache-miss
49 http fetch GET 200 https://registry.npmjs.org/@vitejs%2fplugin-react 116ms (cache miss)
50 silly packumentCache full:https://registry.npmjs.org/@vitejs%2fplugin-react set size:undefined disposed:false
51 silly fetch manifest vite@^5.0.8
52 silly packumentCache full:https://registry.npmjs.org/vite cache-miss
53 http fetch GET 200 https://registry.npmjs.org/vite 1055ms (cache miss)
54 silly packumentCache full:https://registry.npmjs.org/vite set size:undefined disposed:false
55 silly fetch manifest @types/node@^18.0.0 || >=20.0.0
56 silly packumentCache full:https://registry.npmjs.org/@types%2fnode cache-miss
57 http fetch GET 200 https://registry.npmjs.org/@types%2fnode 384ms (cache miss)
58 silly packumentCache full:https://registry.npmjs.org/@types%2fnode set size:undefined disposed:false
59 silly fetch manifest less@*
60 silly packumentCache full:https://registry.npmjs.org/less cache-miss
61 http fetch GET 200 https://registry.npmjs.org/less 123ms (cache miss)
62 silly packumentCache full:https://registry.npmjs.org/less set size:undefined disposed:false
63 silly fetch manifest lightningcss@^1.21.0
64 silly packumentCache full:https://registry.npmjs.org/lightningcss cache-miss
65 http fetch GET 200 https://registry.npmjs.org/lightningcss 85ms (cache miss)
66 silly packumentCache full:https://registry.npmjs.org/lightningcss set size:undefined disposed:false
67 silly fetch manifest sass@*
68 silly packumentCache full:https://registry.npmjs.org/sass cache-miss
69 http fetch GET 200 https://registry.npmjs.org/sass 122ms (cache miss)
70 silly packumentCache full:https://registry.npmjs.org/sass set size:undefined disposed:false
71 silly fetch manifest sass-embedded@*
72 silly packumentCache full:https://registry.npmjs.org/sass-embedded cache-miss
73 http fetch GET 200 https://registry.npmjs.org/sass-embedded 97ms (cache miss)
74 silly packumentCache full:https://registry.npmjs.org/sass-embedded set size:undefined disposed:false
75 silly fetch manifest stylus@*
76 silly packumentCache full:https://registry.npmjs.org/stylus cache-miss
77 http fetch GET 200 https://registry.npmjs.org/stylus 100ms (cache miss)
78 silly packumentCache full:https://registry.npmjs.org/stylus set size:undefined disposed:false
79 silly fetch manifest sugarss@*
80 silly packumentCache full:https://registry.npmjs.org/sugarss cache-miss
81 http fetch GET 200 https://registry.npmjs.org/sugarss 71ms (cache miss)
82 silly packumentCache full:https://registry.npmjs.org/sugarss set size:undefined disposed:false
83 silly fetch manifest postcss@^8.3.3
84 silly packumentCache full:https://registry.npmjs.org/postcss cache-miss
85 http fetch GET 200 https://registry.npmjs.org/postcss 101ms (cache miss)
86 silly packumentCache full:https://registry.npmjs.org/postcss set size:undefined disposed:false
87 silly fetch manifest terser@^5.4.0
88 silly packumentCache full:https://registry.npmjs.org/terser cache-miss
89 http fetch GET 200 https://registry.npmjs.org/terser 85ms (cache miss)
90 silly packumentCache full:https://registry.npmjs.org/terser set size:undefined disposed:false
91 silly placeDep ROOT @types/react@18.3.27 OK for: weather-dashboard@1.0.0 want: ^18.2.43
92 silly placeDep ROOT @types/react-dom@18.3.7 OK for: weather-dashboard@1.0.0 want: ^18.2.17
93 silly placeDep ROOT @vitejs/plugin-react@4.7.0 OK for: weather-dashboard@1.0.0 want: ^4.2.1
94 silly placeDep ROOT vite@5.4.21 OK for: @vitejs/plugin-react@4.7.0 want: ^4.2.0 || ^5.0.0 || ^6.0.0 || ^7.0.0
95 silly placeDep ROOT chart.js@4.5.1 OK for: weather-dashboard@1.0.0 want: ^4.4.1
96 silly placeDep ROOT leaflet@1.9.4 OK for: weather-dashboard@1.0.0 want: ^1.9.4
97 silly placeDep ROOT react@18.3.1 OK for: weather-dashboard@1.0.0 want: ^18.2.0
98 silly placeDep ROOT react-chartjs-2@5.3.1 OK for: weather-dashboard@1.0.0 want: ^5.2.0
99 silly placeDep ROOT react-dom@18.3.1 OK for: weather-dashboard@1.0.0 want: ^18.2.0
100 silly placeDep ROOT react-leaflet@4.2.1 OK for: weather-dashboard@1.0.0 want: ^4.2.1
101 silly fetch manifest csstype@^3.2.2
102 silly packumentCache full:https://registry.npmjs.org/csstype cache-miss
103 silly fetch manifest @types/prop-types@*
104 silly packumentCache full:https://registry.npmjs.org/@types%2fprop-types cache-miss
105 silly fetch manifest @babel/core@^7.28.0
106 silly packumentCache full:https://registry.npmjs.org/@babel%2fcore cache-miss
107 silly fetch manifest react-refresh@^0.17.0
108 silly packumentCache full:https://registry.npmjs.org/react-refresh cache-miss
109 silly fetch manifest @types/babel__core@^7.20.5
110 silly packumentCache full:https://registry.npmjs.org/@types%2fbabel__core cache-miss
111 silly fetch manifest @rolldown/pluginutils@1.0.0-beta.27
112 silly packumentCache full:https://registry.npmjs.org/@rolldown%2fpluginutils cache-miss
113 silly fetch manifest @babel/plugin-transform-react-jsx-self@^7.27.1
114 silly packumentCache full:https://registry.npmjs.org/@babel%2fplugin-transform-react-jsx-self cache-miss
115 http fetch GET 200 https://registry.npmjs.org/@babel%2fplugin-transform-react-jsx-self 254ms (cache miss)
116 silly packumentCache full:https://registry.npmjs.org/@babel%2fplugin-transform-react-jsx-self set size:undefined disposed:false
117 silly fetch manifest @babel/plugin-transform-react-jsx-source@^7.27.1
118 silly packumentCache full:https://registry.npmjs.org/@babel%2fplugin-transform-react-jsx-source cache-miss
119 http fetch GET 200 https://registry.npmjs.org/@types%2fbabel__core 331ms (cache miss)
120 silly packumentCache full:https://registry.npmjs.org/@types%2fbabel__core set size:undefined disposed:false
121 silly fetch manifest rollup@^4.20.0
122 silly packumentCache full:https://registry.npmjs.org/rollup cache-miss
123 http fetch GET 200 https://registry.npmjs.org/@babel%2fcore 381ms (cache miss)
124 silly packumentCache full:https://registry.npmjs.org/@babel%2fcore set size:undefined disposed:false
125 silly fetch manifest esbuild@^0.21.3
126 silly packumentCache full:https://registry.npmjs.org/esbuild cache-miss
127 http fetch GET 200 https://registry.npmjs.org/@types%2fprop-types 455ms (cache miss)
128 silly packumentCache full:https://registry.npmjs.org/@types%2fprop-types set size:undefined disposed:false
129 silly fetch manifest postcss@^8.4.43
130 silly packumentCache full:https://registry.npmjs.org/postcss cache-miss
131 http fetch GET 200 https://registry.npmjs.org/csstype 503ms (cache miss)
132 silly packumentCache full:https://registry.npmjs.org/csstype set size:undefined disposed:false
133 silly fetch manifest fsevents@~2.3.3
134 silly packumentCache full:https://registry.npmjs.org/fsevents cache-miss
135 http cache https://registry.npmjs.org/postcss 79ms (cache hit)
136 silly packumentCache full:https://registry.npmjs.org/postcss set size:696248 disposed:false
137 silly fetch manifest @kurkle/color@^0.3.0
138 silly packumentCache full:https://registry.npmjs.org/@kurkle%2fcolor cache-miss
139 http fetch GET 200 https://registry.npmjs.org/@rolldown%2fpluginutils 583ms (cache miss)
140 silly packumentCache full:https://registry.npmjs.org/@rolldown%2fpluginutils set size:undefined disposed:false
141 silly fetch manifest loose-envify@^1.1.0
142 silly packumentCache full:https://registry.npmjs.org/loose-envify cache-miss
143 http fetch GET 200 https://registry.npmjs.org/fsevents 179ms (cache miss)
144 silly packumentCache full:https://registry.npmjs.org/fsevents set size:undefined disposed:false
145 silly fetch manifest scheduler@^0.23.2
146 silly packumentCache full:https://registry.npmjs.org/scheduler cache-miss
147 http fetch GET 200 https://registry.npmjs.org/@babel%2fplugin-transform-react-jsx-source 439ms (cache miss)
148 silly packumentCache full:https://registry.npmjs.org/@babel%2fplugin-transform-react-jsx-source set size:undefined disposed:false
149 silly fetch manifest loose-envify@^1.1.0
150 silly packumentCache full:https://registry.npmjs.org/loose-envify cache-miss
151 http fetch GET 200 https://registry.npmjs.org/loose-envify 132ms (cache miss)
152 silly packumentCache full:https://registry.npmjs.org/loose-envify set size:undefined disposed:false
153 silly fetch manifest @react-leaflet/core@^2.1.0
154 silly packumentCache full:https://registry.npmjs.org/@react-leaflet%2fcore cache-miss
155 http fetch GET 200 https://registry.npmjs.org/esbuild 384ms (cache miss)
156 silly packumentCache full:https://registry.npmjs.org/esbuild set size:undefined disposed:false
157 http fetch GET 200 https://registry.npmjs.org/loose-envify 119ms (cache miss)
158 silly packumentCache full:https://registry.npmjs.org/loose-envify set size:undefined disposed:false
159 http fetch GET 200 https://registry.npmjs.org/react-refresh 969ms (cache miss)
160 silly packumentCache full:https://registry.npmjs.org/react-refresh set size:undefined disposed:false
161 http fetch GET 200 https://registry.npmjs.org/rollup 902ms (cache miss)
162 silly packumentCache full:https://registry.npmjs.org/rollup set size:undefined disposed:false
163 http fetch GET 200 https://registry.npmjs.org/scheduler 790ms (cache miss)
164 silly packumentCache full:https://registry.npmjs.org/scheduler set size:undefined disposed:false
165 http fetch GET 200 https://registry.npmjs.org/@react-leaflet%2fcore 1152ms (cache miss)
166 silly packumentCache full:https://registry.npmjs.org/@react-leaflet%2fcore set size:undefined disposed:false
167 http fetch GET 200 https://registry.npmjs.org/@kurkle%2fcolor 1965ms (cache miss)
168 silly packumentCache full:https://registry.npmjs.org/@kurkle%2fcolor set size:undefined disposed:false
169 silly placeDep ROOT @types/prop-types@15.7.15 OK for: @types/react@18.3.27 want: *
170 silly placeDep ROOT csstype@3.2.3 OK for: @types/react@18.3.27 want: ^3.2.2
171 silly placeDep ROOT @babel/core@7.28.5 OK for: @vitejs/plugin-react@4.7.0 want: ^7.28.0
172 silly placeDep ROOT @babel/plugin-transform-react-jsx-self@7.27.1 OK for: @vitejs/plugin-react@4.7.0 want: ^7.27.1
173 silly placeDep ROOT @babel/plugin-transform-react-jsx-source@7.27.1 OK for: @vitejs/plugin-react@4.7.0 want: ^7.27.1
174 silly placeDep ROOT @rolldown/pluginutils@1.0.0-beta.27 OK for: @vitejs/plugin-react@4.7.0 want: 1.0.0-beta.27
175 silly placeDep ROOT @types/babel__core@7.20.5 OK for: @vitejs/plugin-react@4.7.0 want: ^7.20.5
176 silly placeDep ROOT react-refresh@0.17.0 OK for: @vitejs/plugin-react@4.7.0 want: ^0.17.0
177 silly fetch manifest @babel/code-frame@^7.27.1
178 silly packumentCache full:https://registry.npmjs.org/@babel%2fcode-frame cache-miss
179 silly fetch manifest @babel/generator@^7.28.5
180 silly packumentCache full:https://registry.npmjs.org/@babel%2fgenerator cache-miss
181 silly fetch manifest @babel/helper-compilation-targets@^7.27.2
182 silly packumentCache full:https://registry.npmjs.org/@babel%2fhelper-compilation-targets cache-miss
183 silly fetch manifest @babel/helper-module-transforms@^7.28.3
184 silly packumentCache full:https://registry.npmjs.org/@babel%2fhelper-module-transforms cache-miss
185 silly fetch manifest @babel/helpers@^7.28.4
186 silly packumentCache full:https://registry.npmjs.org/@babel%2fhelpers cache-miss
187 silly fetch manifest @babel/parser@^7.28.5
188 silly packumentCache full:https://registry.npmjs.org/@babel%2fparser cache-miss
189 silly fetch manifest @babel/template@^7.27.2
190 silly packumentCache full:https://registry.npmjs.org/@babel%2ftemplate cache-miss
191 http fetch GET 200 https://registry.npmjs.org/@babel%2fcode-frame 254ms (cache miss)
192 silly packumentCache full:https://registry.npmjs.org/@babel%2fcode-frame set size:undefined disposed:false
193 silly fetch manifest @babel/traverse@^7.28.5
194 silly packumentCache full:https://registry.npmjs.org/@babel%2ftraverse cache-miss
195 http fetch GET 200 https://registry.npmjs.org/@babel%2ftemplate 287ms (cache miss)
196 silly packumentCache full:https://registry.npmjs.org/@babel%2ftemplate set size:undefined disposed:false
197 silly fetch manifest @babel/types@^7.28.5
198 silly packumentCache full:https://registry.npmjs.org/@babel%2ftypes cache-miss
199 http fetch GET 200 https://registry.npmjs.org/@babel%2fhelper-compilation-targets 316ms (cache miss)
200 silly packumentCache full:https://registry.npmjs.org/@babel%2fhelper-compilation-targets set size:undefined disposed:false
201 silly fetch manifest @jridgewell/remapping@^2.3.5
202 silly packumentCache full:https://registry.npmjs.org/@jridgewell%2fremapping cache-miss
203 http fetch GET 200 https://registry.npmjs.org/@babel%2fhelper-module-transforms 331ms (cache miss)
204 silly packumentCache full:https://registry.npmjs.org/@babel%2fhelper-module-transforms set size:undefined disposed:false
205 silly fetch manifest convert-source-map@^2.0.0
206 silly packumentCache full:https://registry.npmjs.org/convert-source-map cache-miss
207 http fetch GET 200 https://registry.npmjs.org/@babel%2fhelpers 365ms (cache miss)
208 silly packumentCache full:https://registry.npmjs.org/@babel%2fhelpers set size:undefined disposed:false
209 silly fetch manifest debug@^4.1.0
210 silly packumentCache full:https://registry.npmjs.org/debug cache-miss
211 http fetch GET 200 https://registry.npmjs.org/@babel%2fgenerator 432ms (cache miss)
212 silly packumentCache full:https://registry.npmjs.org/@babel%2fgenerator set size:undefined disposed:false
213 silly fetch manifest gensync@^1.0.0-beta.2
214 silly packumentCache full:https://registry.npmjs.org/gensync cache-miss
215 http fetch GET 200 https://registry.npmjs.org/@babel%2fparser 466ms (cache miss)
216 silly packumentCache full:https://registry.npmjs.org/@babel%2fparser set size:undefined disposed:false
217 silly fetch manifest json5@^2.2.3
218 silly packumentCache full:https://registry.npmjs.org/json5 cache-miss
219 http fetch GET 200 https://registry.npmjs.org/@jridgewell%2fremapping 217ms (cache miss)
220 silly packumentCache full:https://registry.npmjs.org/@jridgewell%2fremapping set size:undefined disposed:false
221 silly fetch manifest semver@^6.3.1
222 silly packumentCache full:https://registry.npmjs.org/semver cache-miss
223 http fetch GET 200 https://registry.npmjs.org/convert-source-map 219ms (cache miss)
224 silly packumentCache full:https://registry.npmjs.org/convert-source-map set size:undefined disposed:false
225 silly fetch manifest @babel/helper-plugin-utils@^7.27.1
226 silly packumentCache full:https://registry.npmjs.org/@babel%2fhelper-plugin-utils cache-miss
227 http fetch GET 200 https://registry.npmjs.org/debug 216ms (cache miss)
228 silly packumentCache full:https://registry.npmjs.org/debug set size:undefined disposed:false
229 silly fetch manifest @babel/helper-plugin-utils@^7.27.1
230 silly packumentCache full:https://registry.npmjs.org/@babel%2fhelper-plugin-utils cache-miss
231 http fetch GET 200 https://registry.npmjs.org/gensync 164ms (cache miss)
232 silly packumentCache full:https://registry.npmjs.org/gensync set size:undefined disposed:false
233 silly fetch manifest @babel/types@^7.20.7
234 silly packumentCache full:https://registry.npmjs.org/@babel%2ftypes cache-miss
235 http fetch GET 200 https://registry.npmjs.org/@babel%2ftypes 335ms (cache miss)
236 silly packumentCache full:https://registry.npmjs.org/@babel%2ftypes set size:undefined disposed:false
237 silly fetch manifest @babel/parser@^7.20.7
238 silly packumentCache full:https://registry.npmjs.org/@babel%2fparser cache-miss
239 http fetch GET 200 https://registry.npmjs.org/@babel%2ftraverse 394ms (cache miss)
240 silly packumentCache full:https://registry.npmjs.org/@babel%2ftraverse set size:undefined disposed:false
241 silly fetch manifest @types/babel__template@*
242 silly packumentCache full:https://registry.npmjs.org/@types%2fbabel__template cache-miss
243 http fetch GET 200 https://registry.npmjs.org/json5 186ms (cache miss)
244 silly packumentCache full:https://registry.npmjs.org/json5 set size:undefined disposed:false
245 silly fetch manifest @types/babel__traverse@*
246 silly packumentCache full:https://registry.npmjs.org/@types%2fbabel__traverse cache-miss
247 http cache https://registry.npmjs.org/@babel%2fparser 71ms (cache hit)
248 silly packumentCache full:https://registry.npmjs.org/@babel%2fparser set size:702781 disposed:false
249 silly fetch manifest @types/babel__generator@*
250 silly packumentCache full:https://registry.npmjs.org/@types%2fbabel__generator cache-miss
251 http fetch GET 200 https://registry.npmjs.org/semver 238ms (cache miss)
252 silly packumentCache full:https://registry.npmjs.org/semver set size:undefined disposed:false
253 http fetch GET 200 https://registry.npmjs.org/@babel%2fhelper-plugin-utils 237ms (cache miss)
254 silly packumentCache full:https://registry.npmjs.org/@babel%2fhelper-plugin-utils set size:undefined disposed:false
255 http fetch GET 200 https://registry.npmjs.org/@babel%2fhelper-plugin-utils 212ms (cache miss)
256 silly packumentCache full:https://registry.npmjs.org/@babel%2fhelper-plugin-utils set size:undefined disposed:false
257 http fetch GET 200 https://registry.npmjs.org/@types%2fbabel__template 168ms (cache miss)
258 silly packumentCache full:https://registry.npmjs.org/@types%2fbabel__template set size:undefined disposed:false
259 http fetch GET 200 https://registry.npmjs.org/@babel%2ftypes 236ms (cache miss)
260 silly packumentCache full:https://registry.npmjs.org/@babel%2ftypes set size:undefined disposed:false
261 http fetch GET 200 https://registry.npmjs.org/@types%2fbabel__traverse 166ms (cache miss)
262 silly packumentCache full:https://registry.npmjs.org/@types%2fbabel__traverse set size:undefined disposed:false
263 http fetch GET 200 https://registry.npmjs.org/@types%2fbabel__generator 113ms (cache miss)
264 silly packumentCache full:https://registry.npmjs.org/@types%2fbabel__generator set size:undefined disposed:false
265 silly fetch manifest @babel/core@^7.0.0
266 silly packumentCache full:https://registry.npmjs.org/@babel%2fcore cache-miss
267 http cache https://registry.npmjs.org/@babel%2fcore 18ms (cache hit)
268 silly packumentCache full:https://registry.npmjs.org/@babel%2fcore set size:738278 disposed:false
269 silly placeDep ROOT @babel/code-frame@7.27.1 OK for: @babel/core@7.28.5 want: ^7.27.1
270 silly placeDep ROOT @babel/generator@7.28.5 OK for: @babel/core@7.28.5 want: ^7.28.5
271 silly placeDep ROOT @babel/helper-compilation-targets@7.27.2 OK for: @babel/core@7.28.5 want: ^7.27.2
272 silly placeDep ROOT @babel/helper-module-transforms@7.28.3 OK for: @babel/core@7.28.5 want: ^7.28.3
273 silly placeDep ROOT @babel/helpers@7.28.4 OK for: @babel/core@7.28.5 want: ^7.28.4
274 silly placeDep ROOT @babel/parser@7.28.5 OK for: @babel/core@7.28.5 want: ^7.28.5
275 silly placeDep ROOT @babel/template@7.27.2 OK for: @babel/core@7.28.5 want: ^7.27.2
276 silly placeDep ROOT @babel/traverse@7.28.5 OK for: @babel/core@7.28.5 want: ^7.28.5
277 silly placeDep ROOT @babel/types@7.28.5 OK for: @babel/core@7.28.5 want: ^7.28.5
278 silly placeDep ROOT @jridgewell/remapping@2.3.5 OK for: @babel/core@7.28.5 want: ^2.3.5
279 silly placeDep ROOT convert-source-map@2.0.0 OK for: @babel/core@7.28.5 want: ^2.0.0
280 silly placeDep ROOT debug@4.4.3 OK for: @babel/core@7.28.5 want: ^4.1.0
281 silly placeDep ROOT gensync@1.0.0-beta.2 OK for: @babel/core@7.28.5 want: ^1.0.0-beta.2
282 silly placeDep ROOT json5@2.2.3 OK for: @babel/core@7.28.5 want: ^2.2.3
283 silly placeDep ROOT semver@6.3.1 OK for: @babel/core@7.28.5 want: ^6.3.1
284 silly fetch manifest js-tokens@^4.0.0
285 silly packumentCache full:https://registry.npmjs.org/js-tokens cache-miss
286 silly fetch manifest picocolors@^1.1.1
287 silly packumentCache full:https://registry.npmjs.org/picocolors cache-miss
288 silly fetch manifest @babel/helper-validator-identifier@^7.27.1
289 silly packumentCache full:https://registry.npmjs.org/@babel%2fhelper-validator-identifier cache-miss
290 silly fetch manifest @jridgewell/gen-mapping@^0.3.12
291 silly packumentCache full:https://registry.npmjs.org/@jridgewell%2fgen-mapping cache-miss
292 silly fetch manifest @jridgewell/trace-mapping@^0.3.28
293 silly packumentCache full:https://registry.npmjs.org/@jridgewell%2ftrace-mapping cache-miss
294 silly fetch manifest jsesc@^3.0.2
295 silly packumentCache full:https://registry.npmjs.org/jsesc cache-miss
296 silly fetch manifest lru-cache@^5.1.1
297 silly packumentCache full:https://registry.npmjs.org/lru-cache cache-miss
298 http fetch GET 200 https://registry.npmjs.org/picocolors 108ms (cache miss)
299 silly packumentCache full:https://registry.npmjs.org/picocolors set size:undefined disposed:false
300 silly fetch manifest browserslist@^4.24.0
301 silly packumentCache full:https://registry.npmjs.org/browserslist cache-miss
302 http fetch GET 200 https://registry.npmjs.org/jsesc 122ms (cache miss)
303 silly packumentCache full:https://registry.npmjs.org/jsesc set size:undefined disposed:false
304 silly fetch manifest @babel/compat-data@^7.27.2
305 silly packumentCache full:https://registry.npmjs.org/@babel%2fcompat-data cache-miss
306 http fetch GET 200 https://registry.npmjs.org/js-tokens 168ms (cache miss)
307 silly packumentCache full:https://registry.npmjs.org/js-tokens set size:undefined disposed:false
308 silly fetch manifest @babel/helper-validator-option@^7.27.1
309 silly packumentCache full:https://registry.npmjs.org/@babel%2fhelper-validator-option cache-miss
310 http fetch GET 200 https://registry.npmjs.org/@babel%2fhelper-validator-identifier 187ms (cache miss)
311 silly packumentCache full:https://registry.npmjs.org/@babel%2fhelper-validator-identifier set size:undefined disposed:false
312 silly fetch manifest @babel/traverse@^7.28.3
313 silly packumentCache full:https://registry.npmjs.org/@babel%2ftraverse cache-miss
314 http fetch GET 200 https://registry.npmjs.org/@jridgewell%2fgen-mapping 193ms (cache miss)
315 silly packumentCache full:https://registry.npmjs.org/@jridgewell%2fgen-mapping set size:undefined disposed:false
316 silly fetch manifest @babel/helper-module-imports@^7.27.1
317 silly packumentCache full:https://registry.npmjs.org/@babel%2fhelper-module-imports cache-miss
318 http fetch GET 200 https://registry.npmjs.org/lru-cache 198ms (cache miss)
319 silly packumentCache full:https://registry.npmjs.org/lru-cache set size:undefined disposed:false
320 silly fetch manifest @babel/types@^7.28.4
321 silly packumentCache full:https://registry.npmjs.org/@babel%2ftypes cache-miss
322 http cache https://registry.npmjs.org/@babel%2ftraverse 60ms (cache hit)
323 silly packumentCache full:https://registry.npmjs.org/@babel%2ftraverse set size:535703 disposed:false
324 silly fetch manifest @babel/types@^7.27.1
325 silly packumentCache full:https://registry.npmjs.org/@babel%2ftypes cache-miss
326 http cache https://registry.npmjs.org/@babel%2ftypes 45ms (cache hit)
327 silly packumentCache full:https://registry.npmjs.org/@babel%2ftypes set size:475698 disposed:false
328 silly fetch manifest @babel/helper-globals@^7.28.0
329 silly packumentCache full:https://registry.npmjs.org/@babel%2fhelper-globals cache-miss
330 http cache https://registry.npmjs.org/@babel%2ftypes 39ms (cache hit)
331 silly packumentCache full:https://registry.npmjs.org/@babel%2ftypes set size:475698 disposed:false
332 silly packumentCache full:https://registry.npmjs.org/@babel%2ftypes dispose
333 silly fetch manifest debug@^4.3.1
334 silly packumentCache full:https://registry.npmjs.org/debug cache-miss
335 http fetch GET 200 https://registry.npmjs.org/@babel%2fhelper-validator-option 146ms (cache miss)
336 silly packumentCache full:https://registry.npmjs.org/@babel%2fhelper-validator-option set size:undefined disposed:false
337 silly fetch manifest @babel/helper-string-parser@^7.27.1
338 silly packumentCache full:https://registry.npmjs.org/@babel%2fhelper-string-parser cache-miss
339 http fetch GET 200 https://registry.npmjs.org/browserslist 217ms (cache miss)
340 silly packumentCache full:https://registry.npmjs.org/browserslist set size:undefined disposed:false
341 silly fetch manifest @babel/helper-validator-identifier@^7.28.5
342 silly packumentCache full:https://registry.npmjs.org/@babel%2fhelper-validator-identifier cache-miss
343 http fetch GET 200 https://registry.npmjs.org/@babel%2fcompat-data 207ms (cache miss)
344 silly packumentCache full:https://registry.npmjs.org/@babel%2fcompat-data set size:undefined disposed:false
345 silly fetch manifest @jridgewell/gen-mapping@^0.3.5
346 silly packumentCache full:https://registry.npmjs.org/@jridgewell%2fgen-mapping cache-miss
347 http cache https://registry.npmjs.org/debug 56ms (cache hit)
348 silly packumentCache full:https://registry.npmjs.org/debug set size:195840 disposed:false
349 silly fetch manifest @jridgewell/trace-mapping@^0.3.24
350 silly packumentCache full:https://registry.npmjs.org/@jridgewell%2ftrace-mapping cache-miss
351 http cache https://registry.npmjs.org/@babel%2fhelper-validator-identifier 41ms (cache hit)
352 silly packumentCache full:https://registry.npmjs.org/@babel%2fhelper-validator-identifier set size:108996 disposed:false
353 silly fetch manifest ms@^2.1.3
354 silly packumentCache full:https://registry.npmjs.org/ms cache-miss
355 http cache https://registry.npmjs.org/@jridgewell%2fgen-mapping 44ms (cache hit)
356 silly packumentCache full:https://registry.npmjs.org/@jridgewell%2fgen-mapping set size:80719 disposed:false
357 http fetch GET 200 https://registry.npmjs.org/@jridgewell%2ftrace-mapping 396ms (cache miss)
358 silly packumentCache full:https://registry.npmjs.org/@jridgewell%2ftrace-mapping set size:undefined disposed:false
359 http fetch GET 200 https://registry.npmjs.org/@babel%2fhelper-module-imports 216ms (cache miss)
360 silly packumentCache full:https://registry.npmjs.org/@babel%2fhelper-module-imports set size:undefined disposed:false
361 http fetch GET 200 https://registry.npmjs.org/@babel%2fhelper-globals 140ms (cache miss)
362 silly packumentCache full:https://registry.npmjs.org/@babel%2fhelper-globals set size:undefined disposed:false
363 http fetch GET 200 https://registry.npmjs.org/@babel%2fhelper-string-parser 114ms (cache miss)
364 silly packumentCache full:https://registry.npmjs.org/@babel%2fhelper-string-parser set size:undefined disposed:false
365 http fetch GET 200 https://registry.npmjs.org/ms 90ms (cache miss)
366 silly packumentCache full:https://registry.npmjs.org/ms set size:undefined disposed:false
367 http fetch GET 200 https://registry.npmjs.org/@jridgewell%2ftrace-mapping 109ms (cache miss)
368 silly packumentCache full:https://registry.npmjs.org/@jridgewell%2ftrace-mapping set size:undefined disposed:false
369 silly placeDep ROOT @babel/helper-validator-identifier@7.28.5 OK for: @babel/code-frame@7.27.1 want: ^7.27.1
370 silly placeDep ROOT js-tokens@4.0.0 OK for: @babel/code-frame@7.27.1 want: ^4.0.0
371 silly placeDep ROOT picocolors@1.1.1 OK for: @babel/code-frame@7.27.1 want: ^1.1.1
372 silly placeDep ROOT @jridgewell/gen-mapping@0.3.13 OK for: @babel/generator@7.28.5 want: ^0.3.12
373 silly placeDep ROOT @jridgewell/trace-mapping@0.3.31 OK for: @babel/generator@7.28.5 want: ^0.3.28
374 silly placeDep ROOT jsesc@3.1.0 OK for: @babel/generator@7.28.5 want: ^3.0.2
375 silly fetch manifest @jridgewell/sourcemap-codec@^1.5.0
376 silly packumentCache full:https://registry.npmjs.org/@jridgewell%2fsourcemap-codec cache-miss
377 silly fetch manifest @jridgewell/resolve-uri@^3.1.0
378 silly packumentCache full:https://registry.npmjs.org/@jridgewell%2fresolve-uri cache-miss
379 silly fetch manifest @jridgewell/sourcemap-codec@^1.4.14
380 silly packumentCache full:https://registry.npmjs.org/@jridgewell%2fsourcemap-codec cache-miss
381 http fetch GET 200 https://registry.npmjs.org/@jridgewell%2fsourcemap-codec 150ms (cache miss)
382 silly packumentCache full:https://registry.npmjs.org/@jridgewell%2fsourcemap-codec set size:undefined disposed:false
383 http fetch GET 200 https://registry.npmjs.org/@jridgewell%2fsourcemap-codec 160ms (cache miss)
384 silly packumentCache full:https://registry.npmjs.org/@jridgewell%2fsourcemap-codec set size:undefined disposed:false
385 http fetch GET 200 https://registry.npmjs.org/@jridgewell%2fresolve-uri 162ms (cache miss)
386 silly packumentCache full:https://registry.npmjs.org/@jridgewell%2fresolve-uri set size:undefined disposed:false
387 silly placeDep ROOT @babel/compat-data@7.28.5 OK for: @babel/helper-compilation-targets@7.27.2 want: ^7.27.2
388 silly placeDep ROOT @babel/helper-validator-option@7.27.1 OK for: @babel/helper-compilation-targets@7.27.2 want: ^7.27.1
389 silly placeDep ROOT browserslist@4.28.1 OK for: @babel/helper-compilation-targets@7.27.2 want: ^4.24.0
390 silly placeDep ROOT lru-cache@5.1.1 OK for: @babel/helper-compilation-targets@7.27.2 want: ^5.1.1
391 silly fetch manifest baseline-browser-mapping@^2.9.0
392 silly packumentCache full:https://registry.npmjs.org/baseline-browser-mapping cache-miss
393 silly fetch manifest caniuse-lite@^1.0.30001759
394 silly packumentCache full:https://registry.npmjs.org/caniuse-lite cache-miss
395 silly fetch manifest electron-to-chromium@^1.5.263
396 silly packumentCache full:https://registry.npmjs.org/electron-to-chromium cache-miss
397 silly fetch manifest node-releases@^2.0.27
398 silly packumentCache full:https://registry.npmjs.org/node-releases cache-miss
399 silly fetch manifest update-browserslist-db@^1.2.0
400 silly packumentCache full:https://registry.npmjs.org/update-browserslist-db cache-miss
401 silly fetch manifest yallist@^3.0.2
402 silly packumentCache full:https://registry.npmjs.org/yallist cache-miss
403 http fetch GET 200 https://registry.npmjs.org/yallist 110ms (cache miss)
404 silly packumentCache full:https://registry.npmjs.org/yallist set size:undefined disposed:false
405 http fetch GET 200 https://registry.npmjs.org/baseline-browser-mapping 172ms (cache miss)
406 silly packumentCache full:https://registry.npmjs.org/baseline-browser-mapping set size:undefined disposed:false
407 http fetch GET 200 https://registry.npmjs.org/node-releases 185ms (cache miss)
408 silly packumentCache full:https://registry.npmjs.org/node-releases set size:undefined disposed:false
409 http fetch GET 200 https://registry.npmjs.org/update-browserslist-db 267ms (cache miss)
410 silly packumentCache full:https://registry.npmjs.org/update-browserslist-db set size:undefined disposed:false
411 http fetch GET 200 https://registry.npmjs.org/caniuse-lite 407ms (cache miss)
412 silly packumentCache full:https://registry.npmjs.org/caniuse-lite set size:undefined disposed:false
413 http fetch GET 200 https://registry.npmjs.org/electron-to-chromium 511ms (cache miss)
414 silly packumentCache full:https://registry.npmjs.org/electron-to-chromium set size:undefined disposed:false
415 silly placeDep ROOT @babel/helper-module-imports@7.27.1 OK for: @babel/helper-module-transforms@7.28.3 want: ^7.27.1
416 silly placeDep ROOT @babel/helper-plugin-utils@7.27.1 OK for: @babel/plugin-transform-react-jsx-self@7.27.1 want: ^7.27.1
417 silly placeDep ROOT @babel/helper-globals@7.28.0 OK for: @babel/traverse@7.28.5 want: ^7.28.0
418 silly placeDep ROOT @babel/helper-string-parser@7.27.1 OK for: @babel/types@7.28.5 want: ^7.27.1
419 silly placeDep ROOT @jridgewell/sourcemap-codec@1.5.5 OK for: @jridgewell/gen-mapping@0.3.13 want: ^1.5.0
420 silly placeDep ROOT @jridgewell/resolve-uri@3.1.2 OK for: @jridgewell/trace-mapping@0.3.31 want: ^3.1.0
421 silly placeDep ROOT @types/babel__generator@7.27.0 OK for: @types/babel__core@7.20.5 want: *
422 silly placeDep ROOT @types/babel__template@7.4.4 OK for: @types/babel__core@7.20.5 want: *
423 silly placeDep ROOT @types/babel__traverse@7.28.0 OK for: @types/babel__core@7.20.5 want: *
424 silly fetch manifest browserslist@>= 4.21.0
425 silly packumentCache full:https://registry.npmjs.org/browserslist cache-miss
426 http cache https://registry.npmjs.org/browserslist 13ms (cache hit)
427 silly packumentCache full:https://registry.npmjs.org/browserslist set size:502989 disposed:false
428 silly placeDep ROOT baseline-browser-mapping@2.9.11 OK for: browserslist@4.28.1 want: ^2.9.0
429 silly placeDep ROOT caniuse-lite@1.0.30001762 OK for: browserslist@4.28.1 want: ^1.0.30001759
430 silly placeDep ROOT electron-to-chromium@1.5.267 OK for: browserslist@4.28.1 want: ^1.5.263
431 silly placeDep ROOT node-releases@2.0.27 OK for: browserslist@4.28.1 want: ^2.0.27
432 silly placeDep ROOT update-browserslist-db@1.2.3 OK for: browserslist@4.28.1 want: ^1.2.0
433 silly fetch manifest escalade@^3.2.0
434 silly packumentCache full:https://registry.npmjs.org/escalade cache-miss
435 http fetch GET 200 https://registry.npmjs.org/escalade 122ms (cache miss)
436 silly packumentCache full:https://registry.npmjs.org/escalade set size:undefined disposed:false
437 silly placeDep ROOT @kurkle/color@0.3.4 OK for: chart.js@4.5.1 want: ^0.3.0
438 silly placeDep ROOT ms@2.1.3 OK for: debug@4.4.3 want: ^2.1.3
439 silly placeDep ROOT yallist@3.1.1 OK for: lru-cache@5.1.1 want: ^3.0.2
440 silly placeDep ROOT loose-envify@1.4.0 OK for: react@18.3.1 want: ^1.1.0
441 silly placeDep ROOT scheduler@0.23.2 OK for: react-dom@18.3.1 want: ^0.23.2
442 silly fetch manifest leaflet@^1.9.0
443 silly packumentCache full:https://registry.npmjs.org/leaflet cache-miss
444 http cache https://registry.npmjs.org/leaflet 16ms (cache hit)
445 silly packumentCache full:https://registry.npmjs.org/leaflet set size:146664 disposed:false
446 silly fetch manifest react@^18.0.0
447 silly packumentCache full:https://registry.npmjs.org/react cache-miss
448 http cache https://registry.npmjs.org/react 65ms (cache hit)
449 silly packumentCache full:https://registry.npmjs.org/react set size:6362621 disposed:false
450 silly fetch manifest react-dom@^18.0.0
451 silly packumentCache full:https://registry.npmjs.org/react-dom cache-miss
452 http cache https://registry.npmjs.org/react-dom 56ms (cache hit)
453 silly packumentCache full:https://registry.npmjs.org/react-dom set size:8375290 disposed:false
454 silly placeDep ROOT @react-leaflet/core@2.1.0 OK for: react-leaflet@4.2.1 want: ^2.1.0
455 silly placeDep ROOT escalade@3.2.0 OK for: update-browserslist-db@1.2.3 want: ^3.2.0
456 silly placeDep ROOT esbuild@0.21.5 OK for: vite@5.4.21 want: ^0.21.3
457 silly placeDep ROOT fsevents@2.3.3 OK for: vite@5.4.21 want: ~2.3.3
458 silly placeDep ROOT postcss@8.5.6 OK for: vite@5.4.21 want: ^8.4.43
459 silly placeDep ROOT rollup@4.54.0 OK for: vite@5.4.21 want: ^4.20.0
460 silly fetch manifest @esbuild/aix-ppc64@0.21.5
461 silly packumentCache full:https://registry.npmjs.org/@esbuild%2faix-ppc64 cache-miss
462 silly fetch manifest @esbuild/linux-arm@0.21.5
463 silly packumentCache full:https://registry.npmjs.org/@esbuild%2flinux-arm cache-miss
464 silly fetch manifest @esbuild/linux-x64@0.21.5
465 silly packumentCache full:https://registry.npmjs.org/@esbuild%2flinux-x64 cache-miss
466 silly fetch manifest @esbuild/sunos-x64@0.21.5
467 silly packumentCache full:https://registry.npmjs.org/@esbuild%2fsunos-x64 cache-miss
468 silly fetch manifest @esbuild/win32-x64@0.21.5
469 silly packumentCache full:https://registry.npmjs.org/@esbuild%2fwin32-x64 cache-miss
470 silly fetch manifest @esbuild/darwin-x64@0.21.5
471 silly packumentCache full:https://registry.npmjs.org/@esbuild%2fdarwin-x64 cache-miss
472 silly fetch manifest @esbuild/linux-ia32@0.21.5
473 silly packumentCache full:https://registry.npmjs.org/@esbuild%2flinux-ia32 cache-miss
474 http fetch GET 200 https://registry.npmjs.org/@esbuild%2flinux-arm 143ms (cache miss)
475 silly packumentCache full:https://registry.npmjs.org/@esbuild%2flinux-arm set size:undefined disposed:false
476 silly fetch manifest @esbuild/netbsd-x64@0.21.5
477 silly packumentCache full:https://registry.npmjs.org/@esbuild%2fnetbsd-x64 cache-miss
478 http fetch GET 200 https://registry.npmjs.org/@esbuild%2flinux-ia32 191ms (cache miss)
479 silly packumentCache full:https://registry.npmjs.org/@esbuild%2flinux-ia32 set size:undefined disposed:false
480 silly fetch manifest @esbuild/win32-ia32@0.21.5
481 silly packumentCache full:https://registry.npmjs.org/@esbuild%2fwin32-ia32 cache-miss
482 http fetch GET 200 https://registry.npmjs.org/@esbuild%2fdarwin-x64 202ms (cache miss)
483 silly packumentCache full:https://registry.npmjs.org/@esbuild%2fdarwin-x64 set size:undefined disposed:false
484 silly fetch manifest @esbuild/android-arm@0.21.5
485 silly packumentCache full:https://registry.npmjs.org/@esbuild%2fandroid-arm cache-miss
486 http fetch GET 200 https://registry.npmjs.org/@esbuild%2fsunos-x64 223ms (cache miss)
487 silly packumentCache full:https://registry.npmjs.org/@esbuild%2fsunos-x64 set size:undefined disposed:false
488 silly fetch manifest @esbuild/android-x64@0.21.5
489 silly packumentCache full:https://registry.npmjs.org/@esbuild%2fandroid-x64 cache-miss
490 http fetch GET 200 https://registry.npmjs.org/@esbuild%2fwin32-x64 233ms (cache miss)
491 silly packumentCache full:https://registry.npmjs.org/@esbuild%2fwin32-x64 set size:undefined disposed:false
492 silly fetch manifest @esbuild/freebsd-x64@0.21.5
493 silly packumentCache full:https://registry.npmjs.org/@esbuild%2ffreebsd-x64 cache-miss
494 http fetch GET 200 https://registry.npmjs.org/@esbuild%2faix-ppc64 341ms (cache miss)
495 silly packumentCache full:https://registry.npmjs.org/@esbuild%2faix-ppc64 set size:undefined disposed:false
496 silly fetch manifest @esbuild/linux-arm64@0.21.5
497 silly packumentCache full:https://registry.npmjs.org/@esbuild%2flinux-arm64 cache-miss
498 http fetch GET 200 https://registry.npmjs.org/@esbuild%2fandroid-arm 147ms (cache miss)
499 silly packumentCache full:https://registry.npmjs.org/@esbuild%2fandroid-arm set size:undefined disposed:false
500 silly fetch manifest @esbuild/linux-ppc64@0.21.5
501 silly packumentCache full:https://registry.npmjs.org/@esbuild%2flinux-ppc64 cache-miss
502 http fetch GET 200 https://registry.npmjs.org/@esbuild%2fandroid-x64 156ms (cache miss)
503 silly packumentCache full:https://registry.npmjs.org/@esbuild%2fandroid-x64 set size:undefined disposed:false
504 silly fetch manifest @esbuild/linux-s390x@0.21.5
505 silly packumentCache full:https://registry.npmjs.org/@esbuild%2flinux-s390x cache-miss
506 http fetch GET 200 https://registry.npmjs.org/@esbuild%2flinux-ppc64 110ms (cache miss)
507 silly packumentCache full:https://registry.npmjs.org/@esbuild%2flinux-ppc64 set size:undefined disposed:false
508 silly fetch manifest @esbuild/openbsd-x64@0.21.5
509 silly packumentCache full:https://registry.npmjs.org/@esbuild%2fopenbsd-x64 cache-miss
510 http fetch GET 200 https://registry.npmjs.org/@esbuild%2fnetbsd-x64 357ms (cache miss)
511 silly packumentCache full:https://registry.npmjs.org/@esbuild%2fnetbsd-x64 set size:undefined disposed:false
512 silly fetch manifest @esbuild/win32-arm64@0.21.5
513 silly packumentCache full:https://registry.npmjs.org/@esbuild%2fwin32-arm64 cache-miss
514 http fetch GET 200 https://registry.npmjs.org/@esbuild%2fwin32-ia32 374ms (cache miss)
515 silly packumentCache full:https://registry.npmjs.org/@esbuild%2fwin32-ia32 set size:undefined disposed:false
516 silly fetch manifest @esbuild/darwin-arm64@0.21.5
517 silly packumentCache full:https://registry.npmjs.org/@esbuild%2fdarwin-arm64 cache-miss
518 http fetch GET 200 https://registry.npmjs.org/@esbuild%2flinux-x64 648ms (cache miss)
519 silly packumentCache full:https://registry.npmjs.org/@esbuild%2flinux-x64 set size:undefined disposed:false
520 silly fetch manifest @esbuild/android-arm64@0.21.5
521 silly packumentCache full:https://registry.npmjs.org/@esbuild%2fandroid-arm64 cache-miss
522 http fetch GET 200 https://registry.npmjs.org/@esbuild%2flinux-s390x 405ms (cache miss)
523 silly packumentCache full:https://registry.npmjs.org/@esbuild%2flinux-s390x set size:undefined disposed:false
524 silly fetch manifest @esbuild/freebsd-arm64@0.21.5
525 silly packumentCache full:https://registry.npmjs.org/@esbuild%2ffreebsd-arm64 cache-miss
526 http fetch GET 200 https://registry.npmjs.org/@esbuild%2ffreebsd-x64 579ms (cache miss)
527 silly packumentCache full:https://registry.npmjs.org/@esbuild%2ffreebsd-x64 set size:undefined disposed:false
528 silly fetch manifest @esbuild/linux-loong64@0.21.5
529 silly packumentCache full:https://registry.npmjs.org/@esbuild%2flinux-loong64 cache-miss
530 http fetch GET 200 https://registry.npmjs.org/@esbuild%2fopenbsd-x64 412ms (cache miss)
531 silly packumentCache full:https://registry.npmjs.org/@esbuild%2fopenbsd-x64 set size:undefined disposed:false
532 silly fetch manifest @esbuild/linux-riscv64@0.21.5
533 silly packumentCache full:https://registry.npmjs.org/@esbuild%2flinux-riscv64 cache-miss
534 http fetch GET 200 https://registry.npmjs.org/@esbuild%2fandroid-arm64 274ms (cache miss)
535 silly packumentCache full:https://registry.npmjs.org/@esbuild%2fandroid-arm64 set size:undefined disposed:false
536 silly fetch manifest @esbuild/linux-mips64el@0.21.5
537 silly packumentCache full:https://registry.npmjs.org/@esbuild%2flinux-mips64el cache-miss
538 http fetch GET 200 https://registry.npmjs.org/@esbuild%2fdarwin-arm64 385ms (cache miss)
539 silly packumentCache full:https://registry.npmjs.org/@esbuild%2fdarwin-arm64 set size:undefined disposed:false
540 silly fetch manifest nanoid@^3.3.11
541 silly packumentCache full:https://registry.npmjs.org/nanoid cache-miss
542 http fetch GET 200 https://registry.npmjs.org/@esbuild%2ffreebsd-arm64 189ms (cache miss)
543 silly packumentCache full:https://registry.npmjs.org/@esbuild%2ffreebsd-arm64 set size:undefined disposed:false
544 silly fetch manifest source-map-js@^1.2.1
545 silly packumentCache full:https://registry.npmjs.org/source-map-js cache-miss
546 http fetch GET 200 https://registry.npmjs.org/nanoid 104ms (cache miss)
547 silly packumentCache full:https://registry.npmjs.org/nanoid set size:undefined disposed:false
548 silly fetch manifest @types/estree@1.0.8
549 silly packumentCache full:https://registry.npmjs.org/@types%2festree cache-miss
550 http fetch GET 200 https://registry.npmjs.org/@esbuild%2fwin32-arm64 632ms (cache miss)
551 silly packumentCache full:https://registry.npmjs.org/@esbuild%2fwin32-arm64 set size:undefined disposed:false
552 silly fetch manifest @rollup/rollup-darwin-arm64@4.54.0
553 silly packumentCache full:https://registry.npmjs.org/@rollup%2frollup-darwin-arm64 cache-miss
554 http fetch GET 200 https://registry.npmjs.org/source-map-js 128ms (cache miss)
555 silly packumentCache full:https://registry.npmjs.org/source-map-js set size:undefined disposed:false
556 silly fetch manifest @rollup/rollup-android-arm64@4.54.0
557 silly packumentCache full:https://registry.npmjs.org/@rollup%2frollup-android-arm64 cache-miss
558 http fetch GET 200 https://registry.npmjs.org/@types%2festree 95ms (cache miss)
559 silly packumentCache full:https://registry.npmjs.org/@types%2festree set size:undefined disposed:false
560 silly fetch manifest @rollup/rollup-win32-arm64-msvc@4.54.0
561 silly packumentCache full:https://registry.npmjs.org/@rollup%2frollup-win32-arm64-msvc cache-miss
562 http fetch GET 200 https://registry.npmjs.org/@esbuild%2flinux-arm64 882ms (cache miss)
563 silly packumentCache full:https://registry.npmjs.org/@esbuild%2flinux-arm64 set size:undefined disposed:false
564 silly fetch manifest @rollup/rollup-freebsd-arm64@4.54.0
565 silly packumentCache full:https://registry.npmjs.org/@rollup%2frollup-freebsd-arm64 cache-miss
566 http fetch GET 200 https://registry.npmjs.org/@esbuild%2flinux-mips64el 364ms (cache miss)
567 silly packumentCache full:https://registry.npmjs.org/@esbuild%2flinux-mips64el set size:undefined disposed:false
568 silly fetch manifest @rollup/rollup-linux-arm64-gnu@4.54.0
569 silly packumentCache full:https://registry.npmjs.org/@rollup%2frollup-linux-arm64-gnu cache-miss
570 http fetch GET 200 https://registry.npmjs.org/@rollup%2frollup-freebsd-arm64 379ms (cache miss)
571 silly packumentCache full:https://registry.npmjs.org/@rollup%2frollup-freebsd-arm64 set size:undefined disposed:false
572 silly fetch manifest @rollup/rollup-linux-arm64-musl@4.54.0
573 silly packumentCache full:https://registry.npmjs.org/@rollup%2frollup-linux-arm64-musl cache-miss
574 http fetch GET 200 https://registry.npmjs.org/@rollup%2frollup-win32-arm64-msvc 426ms (cache miss)
575 silly packumentCache full:https://registry.npmjs.org/@rollup%2frollup-win32-arm64-msvc set size:undefined disposed:false
576 silly fetch manifest @rollup/rollup-android-arm-eabi@4.54.0
577 silly packumentCache full:https://registry.npmjs.org/@rollup%2frollup-android-arm-eabi cache-miss
578 http fetch GET 200 https://registry.npmjs.org/@rollup%2frollup-linux-arm64-gnu 414ms (cache miss)
579 silly packumentCache full:https://registry.npmjs.org/@rollup%2frollup-linux-arm64-gnu set size:undefined disposed:false
580 silly fetch manifest @rollup/rollup-linux-arm-gnueabihf@4.54.0
581 silly packumentCache full:https://registry.npmjs.org/@rollup%2frollup-linux-arm-gnueabihf cache-miss
582 http fetch GET 200 https://registry.npmjs.org/@rollup%2frollup-linux-arm64-musl 137ms (cache miss)
583 silly packumentCache full:https://registry.npmjs.org/@rollup%2frollup-linux-arm64-musl set size:undefined disposed:false
584 silly fetch manifest @rollup/rollup-linux-arm-musleabihf@4.54.0
585 silly packumentCache full:https://registry.npmjs.org/@rollup%2frollup-linux-arm-musleabihf cache-miss
586 http fetch GET 200 https://registry.npmjs.org/@rollup%2frollup-android-arm64 648ms (cache miss)
587 silly packumentCache full:https://registry.npmjs.org/@rollup%2frollup-android-arm64 set size:undefined disposed:false
588 silly fetch manifest @rollup/rollup-win32-ia32-msvc@4.54.0
589 silly packumentCache full:https://registry.npmjs.org/@rollup%2frollup-win32-ia32-msvc cache-miss
590 http fetch GET 200 https://registry.npmjs.org/@rollup%2frollup-darwin-arm64 733ms (cache miss)
591 silly packumentCache full:https://registry.npmjs.org/@rollup%2frollup-darwin-arm64 set size:undefined disposed:false
592 silly fetch manifest @rollup/rollup-linux-loong64-gnu@4.54.0
593 silly packumentCache full:https://registry.npmjs.org/@rollup%2frollup-linux-loong64-gnu cache-miss
594 http fetch GET 200 https://registry.npmjs.org/@rollup%2frollup-linux-arm-gnueabihf 190ms (cache miss)
595 silly packumentCache full:https://registry.npmjs.org/@rollup%2frollup-linux-arm-gnueabihf set size:undefined disposed:false
596 silly fetch manifest @rollup/rollup-linux-riscv64-gnu@4.54.0
597 silly packumentCache full:https://registry.npmjs.org/@rollup%2frollup-linux-riscv64-gnu cache-miss
598 http fetch GET 200 https://registry.npmjs.org/@rollup%2frollup-linux-arm-musleabihf 203ms (cache miss)
599 silly packumentCache full:https://registry.npmjs.org/@rollup%2frollup-linux-arm-musleabihf set size:undefined disposed:false
600 silly fetch manifest @rollup/rollup-linux-riscv64-musl@4.54.0
601 silly packumentCache full:https://registry.npmjs.org/@rollup%2frollup-linux-riscv64-musl cache-miss
602 http fetch GET 200 https://registry.npmjs.org/@rollup%2frollup-android-arm-eabi 349ms (cache miss)
603 silly packumentCache full:https://registry.npmjs.org/@rollup%2frollup-android-arm-eabi set size:undefined disposed:false
604 silly fetch manifest @rollup/rollup-linux-ppc64-gnu@4.54.0
605 silly packumentCache full:https://registry.npmjs.org/@rollup%2frollup-linux-ppc64-gnu cache-miss
606 http fetch GET 200 https://registry.npmjs.org/@rollup%2frollup-linux-riscv64-gnu 120ms (cache miss)
607 silly packumentCache full:https://registry.npmjs.org/@rollup%2frollup-linux-riscv64-gnu set size:undefined disposed:false
608 silly fetch manifest @rollup/rollup-linux-s390x-gnu@4.54.0
609 silly packumentCache full:https://registry.npmjs.org/@rollup%2frollup-linux-s390x-gnu cache-miss
610 http fetch GET 200 https://registry.npmjs.org/@rollup%2frollup-win32-ia32-msvc 293ms (cache miss)
611 silly packumentCache full:https://registry.npmjs.org/@rollup%2frollup-win32-ia32-msvc set size:undefined disposed:false
612 silly fetch manifest @rollup/rollup-darwin-x64@4.54.0
613 silly packumentCache full:https://registry.npmjs.org/@rollup%2frollup-darwin-x64 cache-miss
614 http fetch GET 200 https://registry.npmjs.org/@rollup%2frollup-linux-loong64-gnu 317ms (cache miss)
615 silly packumentCache full:https://registry.npmjs.org/@rollup%2frollup-linux-loong64-gnu set size:undefined disposed:false
616 silly fetch manifest @rollup/rollup-win32-x64-gnu@4.54.0
617 silly packumentCache full:https://registry.npmjs.org/@rollup%2frollup-win32-x64-gnu cache-miss
618 http fetch GET 200 https://registry.npmjs.org/@rollup%2frollup-linux-riscv64-musl 364ms (cache miss)
619 silly packumentCache full:https://registry.npmjs.org/@rollup%2frollup-linux-riscv64-musl set size:undefined disposed:false
620 silly fetch manifest @rollup/rollup-win32-x64-msvc@4.54.0
621 silly packumentCache full:https://registry.npmjs.org/@rollup%2frollup-win32-x64-msvc cache-miss
622 http fetch GET 200 https://registry.npmjs.org/@rollup%2frollup-linux-ppc64-gnu 358ms (cache miss)
623 silly packumentCache full:https://registry.npmjs.org/@rollup%2frollup-linux-ppc64-gnu set size:undefined disposed:false
624 silly fetch manifest @rollup/rollup-freebsd-x64@4.54.0
625 silly packumentCache full:https://registry.npmjs.org/@rollup%2frollup-freebsd-x64 cache-miss
626 http fetch GET 200 https://registry.npmjs.org/@rollup%2frollup-win32-x64-gnu 136ms (cache miss)
627 silly packumentCache full:https://registry.npmjs.org/@rollup%2frollup-win32-x64-gnu set size:undefined disposed:false
628 silly fetch manifest @rollup/rollup-linux-x64-gnu@4.54.0
629 silly packumentCache full:https://registry.npmjs.org/@rollup%2frollup-linux-x64-gnu cache-miss
630 http fetch GET 200 https://registry.npmjs.org/@rollup%2frollup-darwin-x64 280ms (cache miss)
631 silly packumentCache full:https://registry.npmjs.org/@rollup%2frollup-darwin-x64 set size:undefined disposed:false
632 silly fetch manifest @rollup/rollup-linux-x64-musl@4.54.0
633 silly packumentCache full:https://registry.npmjs.org/@rollup%2frollup-linux-x64-musl cache-miss
634 http fetch GET 200 https://registry.npmjs.org/@rollup%2frollup-linux-s390x-gnu 385ms (cache miss)
635 silly packumentCache full:https://registry.npmjs.org/@rollup%2frollup-linux-s390x-gnu set size:undefined disposed:false
636 silly fetch manifest @rollup/rollup-openharmony-arm64@4.54.0
637 silly packumentCache full:https://registry.npmjs.org/@rollup%2frollup-openharmony-arm64 cache-miss
638 http fetch GET 200 https://registry.npmjs.org/@rollup%2frollup-win32-x64-msvc 158ms (cache miss)
639 silly packumentCache full:https://registry.npmjs.org/@rollup%2frollup-win32-x64-msvc set size:undefined disposed:false
640 http fetch GET 200 https://registry.npmjs.org/@rollup%2frollup-linux-x64-gnu 146ms (cache miss)
641 silly packumentCache full:https://registry.npmjs.org/@rollup%2frollup-linux-x64-gnu set size:undefined disposed:false
642 http fetch GET 200 https://registry.npmjs.org/@esbuild%2flinux-loong64 1707ms (cache miss)
643 silly packumentCache full:https://registry.npmjs.org/@esbuild%2flinux-loong64 set size:undefined disposed:false
644 http fetch GET 200 https://registry.npmjs.org/@rollup%2frollup-linux-x64-musl 140ms (cache miss)
645 silly packumentCache full:https://registry.npmjs.org/@rollup%2frollup-linux-x64-musl set size:undefined disposed:false
646 http fetch GET 200 https://registry.npmjs.org/@rollup%2frollup-openharmony-arm64 132ms (cache miss)
647 silly packumentCache full:https://registry.npmjs.org/@rollup%2frollup-openharmony-arm64 set size:undefined disposed:false
648 http fetch GET 200 https://registry.npmjs.org/@esbuild%2flinux-riscv64 2002ms (cache miss)
649 silly packumentCache full:https://registry.npmjs.org/@esbuild%2flinux-riscv64 set size:undefined disposed:false
650 http fetch GET 200 https://registry.npmjs.org/@rollup%2frollup-freebsd-x64 1162ms (cache miss)
651 silly packumentCache full:https://registry.npmjs.org/@rollup%2frollup-freebsd-x64 set size:undefined disposed:false
652 silly placeDep ROOT @esbuild/aix-ppc64@0.21.5 OK for: esbuild@0.21.5 want: 0.21.5
653 silly placeDep ROOT @esbuild/android-arm@0.21.5 OK for: esbuild@0.21.5 want: 0.21.5
654 silly placeDep ROOT @esbuild/android-arm64@0.21.5 OK for: esbuild@0.21.5 want: 0.21.5
655 silly placeDep ROOT @esbuild/android-x64@0.21.5 OK for: esbuild@0.21.5 want: 0.21.5
656 silly placeDep ROOT @esbuild/darwin-arm64@0.21.5 OK for: esbuild@0.21.5 want: 0.21.5
657 silly placeDep ROOT @esbuild/darwin-x64@0.21.5 OK for: esbuild@0.21.5 want: 0.21.5
658 silly placeDep ROOT @esbuild/freebsd-arm64@0.21.5 OK for: esbuild@0.21.5 want: 0.21.5
659 silly placeDep ROOT @esbuild/freebsd-x64@0.21.5 OK for: esbuild@0.21.5 want: 0.21.5
660 silly placeDep ROOT @esbuild/linux-arm@0.21.5 OK for: esbuild@0.21.5 want: 0.21.5
661 silly placeDep ROOT @esbuild/linux-arm64@0.21.5 OK for: esbuild@0.21.5 want: 0.21.5
662 silly placeDep ROOT @esbuild/linux-ia32@0.21.5 OK for: esbuild@0.21.5 want: 0.21.5
663 silly placeDep ROOT @esbuild/linux-loong64@0.21.5 OK for: esbuild@0.21.5 want: 0.21.5
664 silly placeDep ROOT @esbuild/linux-mips64el@0.21.5 OK for: esbuild@0.21.5 want: 0.21.5
665 silly placeDep ROOT @esbuild/linux-ppc64@0.21.5 OK for: esbuild@0.21.5 want: 0.21.5
666 silly placeDep ROOT @esbuild/linux-riscv64@0.21.5 OK for: esbuild@0.21.5 want: 0.21.5
667 silly placeDep ROOT @esbuild/linux-s390x@0.21.5 OK for: esbuild@0.21.5 want: 0.21.5
668 silly placeDep ROOT @esbuild/linux-x64@0.21.5 OK for: esbuild@0.21.5 want: 0.21.5
669 silly placeDep ROOT @esbuild/netbsd-x64@0.21.5 OK for: esbuild@0.21.5 want: 0.21.5
670 silly placeDep ROOT @esbuild/openbsd-x64@0.21.5 OK for: esbuild@0.21.5 want: 0.21.5
671 silly placeDep ROOT @esbuild/sunos-x64@0.21.5 OK for: esbuild@0.21.5 want: 0.21.5
672 silly placeDep ROOT @esbuild/win32-arm64@0.21.5 OK for: esbuild@0.21.5 want: 0.21.5
673 silly placeDep ROOT @esbuild/win32-ia32@0.21.5 OK for: esbuild@0.21.5 want: 0.21.5
674 silly placeDep ROOT @esbuild/win32-x64@0.21.5 OK for: esbuild@0.21.5 want: 0.21.5
675 silly placeDep ROOT nanoid@3.3.11 OK for: postcss@8.5.6 want: ^3.3.11
676 silly placeDep ROOT source-map-js@1.2.1 OK for: postcss@8.5.6 want: ^1.2.1
677 silly placeDep ROOT @rollup/rollup-android-arm-eabi@4.54.0 OK for: rollup@4.54.0 want: 4.54.0
678 silly placeDep ROOT @rollup/rollup-android-arm64@4.54.0 OK for: rollup@4.54.0 want: 4.54.0
679 silly placeDep ROOT @rollup/rollup-darwin-arm64@4.54.0 OK for: rollup@4.54.0 want: 4.54.0
680 silly placeDep ROOT @rollup/rollup-darwin-x64@4.54.0 OK for: rollup@4.54.0 want: 4.54.0
681 silly placeDep ROOT @rollup/rollup-freebsd-arm64@4.54.0 OK for: rollup@4.54.0 want: 4.54.0
682 silly placeDep ROOT @rollup/rollup-freebsd-x64@4.54.0 OK for: rollup@4.54.0 want: 4.54.0
683 silly placeDep ROOT @rollup/rollup-linux-arm-gnueabihf@4.54.0 OK for: rollup@4.54.0 want: 4.54.0
684 silly placeDep ROOT @rollup/rollup-linux-arm-musleabihf@4.54.0 OK for: rollup@4.54.0 want: 4.54.0
685 silly placeDep ROOT @rollup/rollup-linux-arm64-gnu@4.54.0 OK for: rollup@4.54.0 want: 4.54.0
686 silly placeDep ROOT @rollup/rollup-linux-arm64-musl@4.54.0 OK for: rollup@4.54.0 want: 4.54.0
687 silly placeDep ROOT @rollup/rollup-linux-loong64-gnu@4.54.0 OK for: rollup@4.54.0 want: 4.54.0
688 silly placeDep ROOT @rollup/rollup-linux-ppc64-gnu@4.54.0 OK for: rollup@4.54.0 want: 4.54.0
689 silly placeDep ROOT @rollup/rollup-linux-riscv64-gnu@4.54.0 OK for: rollup@4.54.0 want: 4.54.0
690 silly placeDep ROOT @rollup/rollup-linux-riscv64-musl@4.54.0 OK for: rollup@4.54.0 want: 4.54.0
691 silly placeDep ROOT @rollup/rollup-linux-s390x-gnu@4.54.0 OK for: rollup@4.54.0 want: 4.54.0
692 silly placeDep ROOT @rollup/rollup-linux-x64-gnu@4.54.0 OK for: rollup@4.54.0 want: 4.54.0
693 silly placeDep ROOT @rollup/rollup-linux-x64-musl@4.54.0 OK for: rollup@4.54.0 want: 4.54.0
694 silly placeDep ROOT @rollup/rollup-openharmony-arm64@4.54.0 OK for: rollup@4.54.0 want: 4.54.0
695 silly placeDep ROOT @rollup/rollup-win32-arm64-msvc@4.54.0 OK for: rollup@4.54.0 want: 4.54.0
696 silly placeDep ROOT @rollup/rollup-win32-ia32-msvc@4.54.0 OK for: rollup@4.54.0 want: 4.54.0
697 silly placeDep ROOT @rollup/rollup-win32-x64-gnu@4.54.0 OK for: rollup@4.54.0 want: 4.54.0
698 silly placeDep ROOT @rollup/rollup-win32-x64-msvc@4.54.0 OK for: rollup@4.54.0 want: 4.54.0
699 silly placeDep ROOT @types/estree@1.0.8 OK for: rollup@4.54.0 want: 1.0.8
700 silly reify moves {}
701 silly audit bulk request {
701 silly audit   '@types/react': [ '18.3.27' ],
701 silly audit   '@types/react-dom': [ '18.3.7' ],
701 silly audit   '@vitejs/plugin-react': [ '4.7.0' ],
701 silly audit   vite: [ '5.4.21' ],
701 silly audit   'chart.js': [ '4.5.1' ],
701 silly audit   leaflet: [ '1.9.4' ],
701 silly audit   react: [ '18.3.1' ],
701 silly audit   'react-chartjs-2': [ '5.3.1' ],
701 silly audit   'react-dom': [ '18.3.1' ],
701 silly audit   'react-leaflet': [ '4.2.1' ],
701 silly audit   '@types/prop-types': [ '15.7.15' ],
701 silly audit   csstype: [ '3.2.3' ],
701 silly audit   '@babel/core': [ '7.28.5' ],
701 silly audit   '@babel/plugin-transform-react-jsx-self': [ '7.27.1' ],
701 silly audit   '@babel/plugin-transform-react-jsx-source': [ '7.27.1' ],
701 silly audit   '@rolldown/pluginutils': [ '1.0.0-beta.27' ],
701 silly audit   '@types/babel__core': [ '7.20.5' ],
701 silly audit   'react-refresh': [ '0.17.0' ],
701 silly audit   '@babel/code-frame': [ '7.27.1' ],
701 silly audit   '@babel/generator': [ '7.28.5' ],
701 silly audit   '@babel/helper-compilation-targets': [ '7.27.2' ],
701 silly audit   '@babel/helper-module-transforms': [ '7.28.3' ],
701 silly audit   '@babel/helpers': [ '7.28.4' ],
701 silly audit   '@babel/parser': [ '7.28.5' ],
701 silly audit   '@babel/template': [ '7.27.2' ],
701 silly audit   '@babel/traverse': [ '7.28.5' ],
701 silly audit   '@babel/types': [ '7.28.5' ],
701 silly audit   '@jridgewell/remapping': [ '2.3.5' ],
701 silly audit   'convert-source-map': [ '2.0.0' ],
701 silly audit   debug: [ '4.4.3' ],
701 silly audit   gensync: [ '1.0.0-beta.2' ],
701 silly audit   json5: [ '2.2.3' ],
701 silly audit   semver: [ '6.3.1' ],
701 silly audit   '@babel/helper-validator-identifier': [ '7.28.5' ],
701 silly audit   'js-tokens': [ '4.0.0' ],
701 silly audit   picocolors: [ '1.1.1' ],
701 silly audit   '@jridgewell/gen-mapping': [ '0.3.13' ],
701 silly audit   '@jridgewell/trace-mapping': [ '0.3.31' ],
701 silly audit   jsesc: [ '3.1.0' ],
701 silly audit   '@babel/compat-data': [ '7.28.5' ],
701 silly audit   '@babel/helper-validator-option': [ '7.27.1' ],
701 silly audit   browserslist: [ '4.28.1' ],
701 silly audit   'lru-cache': [ '5.1.1' ],
701 silly audit   '@babel/helper-module-imports': [ '7.27.1' ],
701 silly audit   '@babel/helper-plugin-utils': [ '7.27.1' ],
701 silly audit   '@babel/helper-globals': [ '7.28.0' ],
701 silly audit   '@babel/helper-string-parser': [ '7.27.1' ],
701 silly audit   '@jridgewell/sourcemap-codec': [ '1.5.5' ],
701 silly audit   '@jridgewell/resolve-uri': [ '3.1.2' ],
701 silly audit   '@types/babel__generator': [ '7.27.0' ],
701 silly audit   '@types/babel__template': [ '7.4.4' ],
701 silly audit   '@types/babel__traverse': [ '7.28.0' ],
701 silly audit   'baseline-browser-mapping': [ '2.9.11' ],
701 silly audit   'caniuse-lite': [ '1.0.30001762' ],
701 silly audit   'electron-to-chromium': [ '1.5.267' ],
701 silly audit   'node-releases': [ '2.0.27' ],
701 silly audit   'update-browserslist-db': [ '1.2.3' ],
701 silly audit   '@kurkle/color': [ '0.3.4' ],
701 silly audit   ms: [ '2.1.3' ],
701 silly audit   yallist: [ '3.1.1' ],
701 silly audit   'loose-envify': [ '1.4.0' ],
701 silly audit   scheduler: [ '0.23.2' ],
701 silly audit   '@react-leaflet/core': [ '2.1.0' ],
701 silly audit   escalade: [ '3.2.0' ],
701 silly audit   esbuild: [ '0.21.5' ],
701 silly audit   fsevents: [ '2.3.3' ],
701 silly audit   postcss: [ '8.5.6' ],
701 silly audit   rollup: [ '4.54.0' ],
701 silly audit   '@esbuild/aix-ppc64': [ '0.21.5' ],
701 silly audit   '@esbuild/android-arm': [ '0.21.5' ],
701 silly audit   '@esbuild/android-arm64': [ '0.21.5' ],
701 silly audit   '@esbuild/android-x64': [ '0.21.5' ],
701 silly audit   '@esbuild/darwin-arm64': [ '0.21.5' ],
701 silly audit   '@esbuild/darwin-x64': [ '0.21.5' ],
701 silly audit   '@esbuild/freebsd-arm64': [ '0.21.5' ],
701 silly audit   '@esbuild/freebsd-x64': [ '0.21.5' ],
701 silly audit   '@esbuild/linux-arm': [ '0.21.5' ],
701 silly audit   '@esbuild/linux-arm64': [ '0.21.5' ],
701 silly audit   '@esbuild/linux-ia32': [ '0.21.5' ],
701 silly audit   '@esbuild/linux-loong64': [ '0.21.5' ],
701 silly audit   '@esbuild/linux-mips64el': [ '0.21.5' ],
701 silly audit   '@esbuild/linux-ppc64': [ '0.21.5' ],
701 silly audit   '@esbuild/linux-riscv64': [ '0.21.5' ],
701 silly audit   '@esbuild/linux-s390x': [ '0.21.5' ],
701 silly audit   '@esbuild/linux-x64': [ '0.21.5' ],
701 silly audit   '@esbuild/netbsd-x64': [ '0.21.5' ],
701 silly audit   '@esbuild/openbsd-x64': [ '0.21.5' ],
701 silly audit   '@esbuild/sunos-x64': [ '0.21.5' ],
701 silly audit   '@esbuild/win32-arm64': [ '0.21.5' ],
701 silly audit   '@esbuild/win32-ia32': [ '0.21.5' ],
701 silly audit   '@esbuild/win32-x64': [ '0.21.5' ],
701 silly audit   nanoid: [ '3.3.11' ],
701 silly audit   'source-map-js': [ '1.2.1' ],
701 silly audit   '@rollup/rollup-android-arm-eabi': [ '4.54.0' ],
701 silly audit   '@rollup/rollup-android-arm64': [ '4.54.0' ],
701 silly audit   '@rollup/rollup-darwin-arm64': [ '4.54.0' ],
701 silly audit   '@rollup/rollup-darwin-x64': [ '4.54.0' ],
701 silly audit   '@rollup/rollup-freebsd-arm64': [ '4.54.0' ],
701 silly audit   '@rollup/rollup-freebsd-x64': [ '4.54.0' ],
701 silly audit   '@rollup/rollup-linux-arm-gnueabihf': [ '4.54.0' ],
701 silly audit   '@rollup/rollup-linux-arm-musleabihf': [ '4.54.0' ],
701 silly audit   '@rollup/rollup-linux-arm64-gnu': [ '4.54.0' ],
701 silly audit   '@rollup/rollup-linux-arm64-musl': [ '4.54.0' ],
701 silly audit   '@rollup/rollup-linux-loong64-gnu': [ '4.54.0' ],
701 silly audit   '@rollup/rollup-linux-ppc64-gnu': [ '4.54.0' ],
701 silly audit   '@rollup/rollup-linux-riscv64-gnu': [ '4.54.0' ],
701 silly audit   '@rollup/rollup-linux-riscv64-musl': [ '4.54.0' ],
701 silly audit   '@rollup/rollup-linux-s390x-gnu': [ '4.54.0' ],
701 silly audit   '@rollup/rollup-linux-x64-gnu': [ '4.54.0' ],
701 silly audit   '@rollup/rollup-linux-x64-musl': [ '4.54.0' ],
701 silly audit   '@rollup/rollup-openharmony-arm64': [ '4.54.0' ],
701 silly audit   '@rollup/rollup-win32-arm64-msvc': [ '4.54.0' ],
701 silly audit   '@rollup/rollup-win32-ia32-msvc': [ '4.54.0' ],
701 silly audit   '@rollup/rollup-win32-x64-gnu': [ '4.54.0' ],
701 silly audit   '@rollup/rollup-win32-x64-msvc': [ '4.54.0' ],
701 silly audit   '@types/estree': [ '1.0.8' ]
701 silly audit }
702 verbose reify failed optional dependency C:\Users\hp\Desktop\projects\weather-app\node_modules\@rollup\rollup-win32-ia32-msvc
703 silly reify mark deleted [
703 silly reify   'C:\\Users\\hp\\Desktop\\projects\\weather-app\\node_modules\\@rollup\\rollup-win32-ia32-msvc'
703 silly reify ]
704 verbose reify failed optional dependency C:\Users\hp\Desktop\projects\weather-app\node_modules\@rollup\rollup-win32-arm64-msvc
705 silly reify mark deleted [
705 silly reify   'C:\\Users\\hp\\Desktop\\projects\\weather-app\\node_modules\\@rollup\\rollup-win32-arm64-msvc'
705 silly reify ]
706 verbose reify failed optional dependency C:\Users\hp\Desktop\projects\weather-app\node_modules\@rollup\rollup-openharmony-arm64
707 silly reify mark deleted [
707 silly reify   'C:\\Users\\hp\\Desktop\\projects\\weather-app\\node_modules\\@rollup\\rollup-openharmony-arm64'
707 silly reify ]
708 verbose reify failed optional dependency C:\Users\hp\Desktop\projects\weather-app\node_modules\@rollup\rollup-linux-x64-musl
709 silly reify mark deleted [
709 silly reify   'C:\\Users\\hp\\Desktop\\projects\\weather-app\\node_modules\\@rollup\\rollup-linux-x64-musl'
709 silly reify ]
710 verbose reify failed optional dependency C:\Users\hp\Desktop\projects\weather-app\node_modules\@rollup\rollup-linux-x64-gnu
711 silly reify mark deleted [
711 silly reify   'C:\\Users\\hp\\Desktop\\projects\\weather-app\\node_modules\\@rollup\\rollup-linux-x64-gnu'
711 silly reify ]
712 verbose reify failed optional dependency C:\Users\hp\Desktop\projects\weather-app\node_modules\@rollup\rollup-linux-s390x-gnu
713 silly reify mark deleted [
713 silly reify   'C:\\Users\\hp\\Desktop\\projects\\weather-app\\node_modules\\@rollup\\rollup-linux-s390x-gnu'
713 silly reify ]
714 verbose reify failed optional dependency C:\Users\hp\Desktop\projects\weather-app\node_modules\@rollup\rollup-linux-riscv64-musl
715 silly reify mark deleted [
715 silly reify   'C:\\Users\\hp\\Desktop\\projects\\weather-app\\node_modules\\@rollup\\rollup-linux-riscv64-musl'
715 silly reify ]
716 verbose reify failed optional dependency C:\Users\hp\Desktop\projects\weather-app\node_modules\@rollup\rollup-linux-riscv64-gnu
717 silly reify mark deleted [
717 silly reify   'C:\\Users\\hp\\Desktop\\projects\\weather-app\\node_modules\\@rollup\\rollup-linux-riscv64-gnu'
717 silly reify ]
718 verbose reify failed optional dependency C:\Users\hp\Desktop\projects\weather-app\node_modules\@rollup\rollup-linux-ppc64-gnu
719 silly reify mark deleted [
719 silly reify   'C:\\Users\\hp\\Desktop\\projects\\weather-app\\node_modules\\@rollup\\rollup-linux-ppc64-gnu'
719 silly reify ]
720 verbose reify failed optional dependency C:\Users\hp\Desktop\projects\weather-app\node_modules\@rollup\rollup-linux-loong64-gnu
721 silly reify mark deleted [
721 silly reify   'C:\\Users\\hp\\Desktop\\projects\\weather-app\\node_modules\\@rollup\\rollup-linux-loong64-gnu'
721 silly reify ]
722 verbose reify failed optional dependency C:\Users\hp\Desktop\projects\weather-app\node_modules\@rollup\rollup-linux-arm64-musl
723 silly reify mark deleted [
723 silly reify   'C:\\Users\\hp\\Desktop\\projects\\weather-app\\node_modules\\@rollup\\rollup-linux-arm64-musl'
723 silly reify ]
724 verbose reify failed optional dependency C:\Users\hp\Desktop\projects\weather-app\node_modules\@rollup\rollup-linux-arm64-gnu
725 silly reify mark deleted [
725 silly reify   'C:\\Users\\hp\\Desktop\\projects\\weather-app\\node_modules\\@rollup\\rollup-linux-arm64-gnu'
725 silly reify ]
726 verbose reify failed optional dependency C:\Users\hp\Desktop\projects\weather-app\node_modules\@rollup\rollup-linux-arm-musleabihf
727 silly reify mark deleted [
727 silly reify   'C:\\Users\\hp\\Desktop\\projects\\weather-app\\node_modules\\@rollup\\rollup-linux-arm-musleabihf'
727 silly reify ]
728 verbose reify failed optional dependency C:\Users\hp\Desktop\projects\weather-app\node_modules\@rollup\rollup-linux-arm-gnueabihf
729 silly reify mark deleted [
729 silly reify   'C:\\Users\\hp\\Desktop\\projects\\weather-app\\node_modules\\@rollup\\rollup-linux-arm-gnueabihf'
729 silly reify ]
730 verbose reify failed optional dependency C:\Users\hp\Desktop\projects\weather-app\node_modules\@rollup\rollup-freebsd-x64
731 silly reify mark deleted [
731 silly reify   'C:\\Users\\hp\\Desktop\\projects\\weather-app\\node_modules\\@rollup\\rollup-freebsd-x64'
731 silly reify ]
732 verbose reify failed optional dependency C:\Users\hp\Desktop\projects\weather-app\node_modules\@rollup\rollup-freebsd-arm64
733 silly reify mark deleted [
733 silly reify   'C:\\Users\\hp\\Desktop\\projects\\weather-app\\node_modules\\@rollup\\rollup-freebsd-arm64'
733 silly reify ]
734 verbose reify failed optional dependency C:\Users\hp\Desktop\projects\weather-app\node_modules\@rollup\rollup-darwin-x64
735 silly reify mark deleted [
735 silly reify   'C:\\Users\\hp\\Desktop\\projects\\weather-app\\node_modules\\@rollup\\rollup-darwin-x64'
735 silly reify ]
736 verbose reify failed optional dependency C:\Users\hp\Desktop\projects\weather-app\node_modules\@rollup\rollup-darwin-arm64
737 silly reify mark deleted [
737 silly reify   'C:\\Users\\hp\\Desktop\\projects\\weather-app\\node_modules\\@rollup\\rollup-darwin-arm64'
737 silly reify ]
738 verbose reify failed optional dependency C:\Users\hp\Desktop\projects\weather-app\node_modules\@rollup\rollup-android-arm64
739 silly reify mark deleted [
739 silly reify   'C:\\Users\\hp\\Desktop\\projects\\weather-app\\node_modules\\@rollup\\rollup-android-arm64'
739 silly reify ]
740 verbose reify failed optional dependency C:\Users\hp\Desktop\projects\weather-app\node_modules\@rollup\rollup-android-arm-eabi
741 silly reify mark deleted [
741 silly reify   'C:\\Users\\hp\\Desktop\\projects\\weather-app\\node_modules\\@rollup\\rollup-android-arm-eabi'
741 silly reify ]
742 verbose reify failed optional dependency C:\Users\hp\Desktop\projects\weather-app\node_modules\@esbuild\win32-ia32
743 silly reify mark deleted [
743 silly reify   'C:\\Users\\hp\\Desktop\\projects\\weather-app\\node_modules\\@esbuild\\win32-ia32'
743 silly reify ]
744 verbose reify failed optional dependency C:\Users\hp\Desktop\projects\weather-app\node_modules\@esbuild\win32-arm64
745 silly reify mark deleted [
745 silly reify   'C:\\Users\\hp\\Desktop\\projects\\weather-app\\node_modules\\@esbuild\\win32-arm64'
745 silly reify ]
746 verbose reify failed optional dependency C:\Users\hp\Desktop\projects\weather-app\node_modules\@esbuild\sunos-x64
747 silly reify mark deleted [
747 silly reify   'C:\\Users\\hp\\Desktop\\projects\\weather-app\\node_modules\\@esbuild\\sunos-x64'
747 silly reify ]
748 verbose reify failed optional dependency C:\Users\hp\Desktop\projects\weather-app\node_modules\@esbuild\openbsd-x64
749 silly reify mark deleted [
749 silly reify   'C:\\Users\\hp\\Desktop\\projects\\weather-app\\node_modules\\@esbuild\\openbsd-x64'
749 silly reify ]
750 verbose reify failed optional dependency C:\Users\hp\Desktop\projects\weather-app\node_modules\@esbuild\netbsd-x64
751 silly reify mark deleted [
751 silly reify   'C:\\Users\\hp\\Desktop\\projects\\weather-app\\node_modules\\@esbuild\\netbsd-x64'
751 silly reify ]
752 verbose reify failed optional dependency C:\Users\hp\Desktop\projects\weather-app\node_modules\@esbuild\linux-x64
753 silly reify mark deleted [
753 silly reify   'C:\\Users\\hp\\Desktop\\projects\\weather-app\\node_modules\\@esbuild\\linux-x64'
753 silly reify ]
754 verbose reify failed optional dependency C:\Users\hp\Desktop\projects\weather-app\node_modules\@esbuild\linux-s390x
755 silly reify mark deleted [
755 silly reify   'C:\\Users\\hp\\Desktop\\projects\\weather-app\\node_modules\\@esbuild\\linux-s390x'
755 silly reify ]
756 verbose reify failed optional dependency C:\Users\hp\Desktop\projects\weather-app\node_modules\@esbuild\linux-riscv64
757 silly reify mark deleted [
757 silly reify   'C:\\Users\\hp\\Desktop\\projects\\weather-app\\node_modules\\@esbuild\\linux-riscv64'
757 silly reify ]
758 verbose reify failed optional dependency C:\Users\hp\Desktop\projects\weather-app\node_modules\@esbuild\linux-ppc64
759 silly reify mark deleted [
759 silly reify   'C:\\Users\\hp\\Desktop\\projects\\weather-app\\node_modules\\@esbuild\\linux-ppc64'
759 silly reify ]
760 verbose reify failed optional dependency C:\Users\hp\Desktop\projects\weather-app\node_modules\@esbuild\linux-mips64el
761 silly reify mark deleted [
761 silly reify   'C:\\Users\\hp\\Desktop\\projects\\weather-app\\node_modules\\@esbuild\\linux-mips64el'
761 silly reify ]
762 verbose reify failed optional dependency C:\Users\hp\Desktop\projects\weather-app\node_modules\@esbuild\linux-loong64
763 silly reify mark deleted [
763 silly reify   'C:\\Users\\hp\\Desktop\\projects\\weather-app\\node_modules\\@esbuild\\linux-loong64'
763 silly reify ]
764 verbose reify failed optional dependency C:\Users\hp\Desktop\projects\weather-app\node_modules\@esbuild\linux-ia32
765 silly reify mark deleted [
765 silly reify   'C:\\Users\\hp\\Desktop\\projects\\weather-app\\node_modules\\@esbuild\\linux-ia32'
765 silly reify ]
766 verbose reify failed optional dependency C:\Users\hp\Desktop\projects\weather-app\node_modules\@esbuild\linux-arm64
767 silly reify mark deleted [
767 silly reify   'C:\\Users\\hp\\Desktop\\projects\\weather-app\\node_modules\\@esbuild\\linux-arm64'
767 silly reify ]
768 verbose reify failed optional dependency C:\Users\hp\Desktop\projects\weather-app\node_modules\@esbuild\linux-arm
769 silly reify mark deleted [
769 silly reify   'C:\\Users\\hp\\Desktop\\projects\\weather-app\\node_modules\\@esbuild\\linux-arm'
769 silly reify ]
770 verbose reify failed optional dependency C:\Users\hp\Desktop\projects\weather-app\node_modules\@esbuild\freebsd-x64
771 silly reify mark deleted [
771 silly reify   'C:\\Users\\hp\\Desktop\\projects\\weather-app\\node_modules\\@esbuild\\freebsd-x64'
771 silly reify ]
772 verbose reify failed optional dependency C:\Users\hp\Desktop\projects\weather-app\node_modules\@esbuild\freebsd-arm64
773 silly reify mark deleted [
773 silly reify   'C:\\Users\\hp\\Desktop\\projects\\weather-app\\node_modules\\@esbuild\\freebsd-arm64'
773 silly reify ]
774 verbose reify failed optional dependency C:\Users\hp\Desktop\projects\weather-app\node_modules\@esbuild\darwin-x64
775 silly reify mark deleted [
775 silly reify   'C:\\Users\\hp\\Desktop\\projects\\weather-app\\node_modules\\@esbuild\\darwin-x64'
775 silly reify ]
776 verbose reify failed optional dependency C:\Users\hp\Desktop\projects\weather-app\node_modules\@esbuild\darwin-arm64
777 silly reify mark deleted [
777 silly reify   'C:\\Users\\hp\\Desktop\\projects\\weather-app\\node_modules\\@esbuild\\darwin-arm64'
777 silly reify ]
778 verbose reify failed optional dependency C:\Users\hp\Desktop\projects\weather-app\node_modules\@esbuild\android-x64
779 silly reify mark deleted [
779 silly reify   'C:\\Users\\hp\\Desktop\\projects\\weather-app\\node_modules\\@esbuild\\android-x64'
779 silly reify ]
780 verbose reify failed optional dependency C:\Users\hp\Desktop\projects\weather-app\node_modules\@esbuild\android-arm64
781 silly reify mark deleted [
781 silly reify   'C:\\Users\\hp\\Desktop\\projects\\weather-app\\node_modules\\@esbuild\\android-arm64'
781 silly reify ]
782 verbose reify failed optional dependency C:\Users\hp\Desktop\projects\weather-app\node_modules\@esbuild\android-arm
783 silly reify mark deleted [
783 silly reify   'C:\\Users\\hp\\Desktop\\projects\\weather-app\\node_modules\\@esbuild\\android-arm'
783 silly reify ]
784 verbose reify failed optional dependency C:\Users\hp\Desktop\projects\weather-app\node_modules\@esbuild\aix-ppc64
785 silly reify mark deleted [
785 silly reify   'C:\\Users\\hp\\Desktop\\projects\\weather-app\\node_modules\\@esbuild\\aix-ppc64'
785 silly reify ]
786 verbose reify failed optional dependency C:\Users\hp\Desktop\projects\weather-app\node_modules\fsevents
787 silly reify mark deleted [
787 silly reify   'C:\\Users\\hp\\Desktop\\projects\\weather-app\\node_modules\\fsevents'
787 silly reify ]
788 http cache @types/estree@https://registry.npmjs.org/@types/estree/-/estree-1.0.8.tgz 1ms (cache hit)
789 http cache @rollup/rollup-win32-x64-msvc@https://registry.npmjs.org/@rollup/rollup-win32-x64-msvc/-/rollup-win32-x64-msvc-4.54.0.tgz 0ms (cache hit)
790 http cache source-map-js@https://registry.npmjs.org/source-map-js/-/source-map-js-1.2.1.tgz 0ms (cache hit)
791 http cache nanoid@https://registry.npmjs.org/nanoid/-/nanoid-3.3.11.tgz 0ms (cache hit)
792 http cache @esbuild/win32-x64@https://registry.npmjs.org/@esbuild/win32-x64/-/win32-x64-0.21.5.tgz 1ms (cache hit)
793 http cache rollup@https://registry.npmjs.org/rollup/-/rollup-4.54.0.tgz 0ms (cache hit)
794 http cache @rollup/rollup-win32-x64-gnu@https://registry.npmjs.org/@rollup/rollup-win32-x64-gnu/-/rollup-win32-x64-gnu-4.54.0.tgz 0ms (cache hit)
795 http cache @react-leaflet/core@https://registry.npmjs.org/@react-leaflet/core/-/core-2.1.0.tgz 0ms (cache hit)
796 http cache postcss@https://registry.npmjs.org/postcss/-/postcss-8.5.6.tgz 0ms (cache hit)
797 http cache esbuild@https://registry.npmjs.org/esbuild/-/esbuild-0.21.5.tgz 0ms (cache hit)
798 http cache escalade@https://registry.npmjs.org/escalade/-/escalade-3.2.0.tgz 0ms (cache hit)
799 http cache scheduler@https://registry.npmjs.org/scheduler/-/scheduler-0.23.2.tgz 0ms (cache hit)
800 http cache loose-envify@https://registry.npmjs.org/loose-envify/-/loose-envify-1.4.0.tgz 0ms (cache hit)
801 http cache @kurkle/color@https://registry.npmjs.org/@kurkle/color/-/color-0.3.4.tgz 0ms (cache hit)
802 http cache yallist@https://registry.npmjs.org/yallist/-/yallist-3.1.1.tgz 0ms (cache hit)
803 http cache ms@https://registry.npmjs.org/ms/-/ms-2.1.3.tgz 0ms (cache hit)
804 http cache node-releases@https://registry.npmjs.org/node-releases/-/node-releases-2.0.27.tgz 0ms (cache hit)
805 http cache update-browserslist-db@https://registry.npmjs.org/update-browserslist-db/-/update-browserslist-db-1.2.3.tgz 0ms (cache hit)
806 http cache electron-to-chromium@https://registry.npmjs.org/electron-to-chromium/-/electron-to-chromium-1.5.267.tgz 0ms (cache hit)
807 http cache caniuse-lite@https://registry.npmjs.org/caniuse-lite/-/caniuse-lite-1.0.30001762.tgz 0ms (cache hit)
808 http cache @types/babel__traverse@https://registry.npmjs.org/@types/babel__traverse/-/babel__traverse-7.28.0.tgz 0ms (cache hit)
809 http cache baseline-browser-mapping@https://registry.npmjs.org/baseline-browser-mapping/-/baseline-browser-mapping-2.9.11.tgz 0ms (cache hit)
810 http cache @types/babel__template@https://registry.npmjs.org/@types/babel__template/-/babel__template-7.4.4.tgz 0ms (cache hit)
811 http cache @jridgewell/sourcemap-codec@https://registry.npmjs.org/@jridgewell/sourcemap-codec/-/sourcemap-codec-1.5.5.tgz 1ms (cache hit)
812 http cache @jridgewell/resolve-uri@https://registry.npmjs.org/@jridgewell/resolve-uri/-/resolve-uri-3.1.2.tgz 1ms (cache hit)
813 http cache @types/babel__generator@https://registry.npmjs.org/@types/babel__generator/-/babel__generator-7.27.0.tgz 0ms (cache hit)
814 http cache @babel/helper-string-parser@https://registry.npmjs.org/@babel/helper-string-parser/-/helper-string-parser-7.27.1.tgz 0ms (cache hit)
815 http cache @babel/helper-globals@https://registry.npmjs.org/@babel/helper-globals/-/helper-globals-7.28.0.tgz 0ms (cache hit)
816 http cache @babel/helper-plugin-utils@https://registry.npmjs.org/@babel/helper-plugin-utils/-/helper-plugin-utils-7.27.1.tgz 0ms (cache hit)
817 http cache lru-cache@https://registry.npmjs.org/lru-cache/-/lru-cache-5.1.1.tgz 0ms (cache hit)
818 http cache browserslist@https://registry.npmjs.org/browserslist/-/browserslist-4.28.1.tgz 0ms (cache hit)
819 http cache jsesc@https://registry.npmjs.org/jsesc/-/jsesc-3.1.0.tgz 0ms (cache hit)
820 http cache @babel/helper-module-imports@https://registry.npmjs.org/@babel/helper-module-imports/-/helper-module-imports-7.27.1.tgz 0ms (cache hit)
821 http cache @babel/helper-validator-option@https://registry.npmjs.org/@babel/helper-validator-option/-/helper-validator-option-7.27.1.tgz 0ms (cache hit)
822 http cache @babel/compat-data@https://registry.npmjs.org/@babel/compat-data/-/compat-data-7.28.5.tgz 0ms (cache hit)
823 http cache @jridgewell/gen-mapping@https://registry.npmjs.org/@jridgewell/gen-mapping/-/gen-mapping-0.3.13.tgz 0ms (cache hit)
824 http cache @jridgewell/trace-mapping@https://registry.npmjs.org/@jridgewell/trace-mapping/-/trace-mapping-0.3.31.tgz 0ms (cache hit)
825 http cache js-tokens@https://registry.npmjs.org/js-tokens/-/js-tokens-4.0.0.tgz 0ms (cache hit)
826 http cache picocolors@https://registry.npmjs.org/picocolors/-/picocolors-1.1.1.tgz 0ms (cache hit)
827 http cache @babel/helper-validator-identifier@https://registry.npmjs.org/@babel/helper-validator-identifier/-/helper-validator-identifier-7.28.5.tgz 0ms (cache hit)
828 http cache semver@https://registry.npmjs.org/semver/-/semver-6.3.1.tgz 0ms (cache hit)
829 http cache json5@https://registry.npmjs.org/json5/-/json5-2.2.3.tgz 0ms (cache hit)
830 http cache gensync@https://registry.npmjs.org/gensync/-/gensync-1.0.0-beta.2.tgz 0ms (cache hit)
831 http cache debug@https://registry.npmjs.org/debug/-/debug-4.4.3.tgz 0ms (cache hit)
832 http cache @jridgewell/remapping@https://registry.npmjs.org/@jridgewell/remapping/-/remapping-2.3.5.tgz 0ms (cache hit)
833 http cache @babel/types@https://registry.npmjs.org/@babel/types/-/types-7.28.5.tgz 0ms (cache hit)
834 http cache convert-source-map@https://registry.npmjs.org/convert-source-map/-/convert-source-map-2.0.0.tgz 0ms (cache hit)
835 http cache @babel/parser@https://registry.npmjs.org/@babel/parser/-/parser-7.28.5.tgz 0ms (cache hit)
836 http cache @babel/traverse@https://registry.npmjs.org/@babel/traverse/-/traverse-7.28.5.tgz 0ms (cache hit)
837 http cache @babel/helper-compilation-targets@https://registry.npmjs.org/@babel/helper-compilation-targets/-/helper-compilation-targets-7.27.2.tgz 0ms (cache hit)
838 http cache @babel/template@https://registry.npmjs.org/@babel/template/-/template-7.27.2.tgz 0ms (cache hit)
839 http cache @babel/helper-module-transforms@https://registry.npmjs.org/@babel/helper-module-transforms/-/helper-module-transforms-7.28.3.tgz 0ms (cache hit)
840 http cache @babel/code-frame@https://registry.npmjs.org/@babel/code-frame/-/code-frame-7.27.1.tgz 1ms (cache hit)
841 http cache @babel/generator@https://registry.npmjs.org/@babel/generator/-/generator-7.28.5.tgz 0ms (cache hit)
842 http cache @babel/helpers@https://registry.npmjs.org/@babel/helpers/-/helpers-7.28.4.tgz 0ms (cache hit)
843 http cache @types/babel__core@https://registry.npmjs.org/@types/babel__core/-/babel__core-7.20.5.tgz 0ms (cache hit)
844 http cache react-refresh@https://registry.npmjs.org/react-refresh/-/react-refresh-0.17.0.tgz 0ms (cache hit)
845 http cache @rolldown/pluginutils@https://registry.npmjs.org/@rolldown/pluginutils/-/pluginutils-1.0.0-beta.27.tgz 0ms (cache hit)
846 http cache @babel/plugin-transform-react-jsx-source@https://registry.npmjs.org/@babel/plugin-transform-react-jsx-source/-/plugin-transform-react-jsx-source-7.27.1.tgz 1ms (cache hit)
847 http cache @types/prop-types@https://registry.npmjs.org/@types/prop-types/-/prop-types-15.7.15.tgz 1ms (cache hit)
848 http cache csstype@https://registry.npmjs.org/csstype/-/csstype-3.2.3.tgz 0ms (cache hit)
849 http cache react-leaflet@https://registry.npmjs.org/react-leaflet/-/react-leaflet-4.2.1.tgz 0ms (cache hit)
850 http cache @babel/plugin-transform-react-jsx-self@https://registry.npmjs.org/@babel/plugin-transform-react-jsx-self/-/plugin-transform-react-jsx-self-7.27.1.tgz 0ms (cache hit)
851 http cache @babel/core@https://registry.npmjs.org/@babel/core/-/core-7.28.5.tgz 0ms (cache hit)
852 http cache react@https://registry.npmjs.org/react/-/react-18.3.1.tgz 0ms (cache hit)
853 http cache react-dom@https://registry.npmjs.org/react-dom/-/react-dom-18.3.1.tgz 0ms (cache hit)
854 http cache react-chartjs-2@https://registry.npmjs.org/react-chartjs-2/-/react-chartjs-2-5.3.1.tgz 0ms (cache hit)
855 http cache @vitejs/plugin-react@https://registry.npmjs.org/@vitejs/plugin-react/-/plugin-react-4.7.0.tgz 0ms (cache hit)
856 http cache leaflet@https://registry.npmjs.org/leaflet/-/leaflet-1.9.4.tgz 0ms (cache hit)
857 http cache @types/react-dom@https://registry.npmjs.org/@types/react-dom/-/react-dom-18.3.7.tgz 0ms (cache hit)
858 http cache chart.js@https://registry.npmjs.org/chart.js/-/chart.js-4.5.1.tgz 0ms (cache hit)
859 http cache vite@https://registry.npmjs.org/vite/-/vite-5.4.21.tgz 0ms (cache hit)
860 silly tarball no local data for @types/estree@https://registry.npmjs.org/@types/estree/-/estree-1.0.8.tgz. Extracting by manifest.
861 silly tarball no local data for @rollup/rollup-win32-x64-msvc@https://registry.npmjs.org/@rollup/rollup-win32-x64-msvc/-/rollup-win32-x64-msvc-4.54.0.tgz. Extracting by manifest.
862 silly tarball no local data for source-map-js@https://registry.npmjs.org/source-map-js/-/source-map-js-1.2.1.tgz. Extracting by manifest.
863 silly tarball no local data for nanoid@https://registry.npmjs.org/nanoid/-/nanoid-3.3.11.tgz. Extracting by manifest.
864 silly tarball no local data for @esbuild/win32-x64@https://registry.npmjs.org/@esbuild/win32-x64/-/win32-x64-0.21.5.tgz. Extracting by manifest.
865 silly tarball no local data for rollup@https://registry.npmjs.org/rollup/-/rollup-4.54.0.tgz. Extracting by manifest.
866 silly tarball no local data for @rollup/rollup-win32-x64-gnu@https://registry.npmjs.org/@rollup/rollup-win32-x64-gnu/-/rollup-win32-x64-gnu-4.54.0.tgz. Extracting by manifest.
867 silly tarball no local data for @react-leaflet/core@https://registry.npmjs.org/@react-leaflet/core/-/core-2.1.0.tgz. Extracting by manifest.
868 silly tarball no local data for postcss@https://registry.npmjs.org/postcss/-/postcss-8.5.6.tgz. Extracting by manifest.
869 silly tarball no local data for esbuild@https://registry.npmjs.org/esbuild/-/esbuild-0.21.5.tgz. Extracting by manifest.
870 silly tarball no local data for escalade@https://registry.npmjs.org/escalade/-/escalade-3.2.0.tgz. Extracting by manifest.
871 silly tarball no local data for scheduler@https://registry.npmjs.org/scheduler/-/scheduler-0.23.2.tgz. Extracting by manifest.
872 silly tarball no local data for loose-envify@https://registry.npmjs.org/loose-envify/-/loose-envify-1.4.0.tgz. Extracting by manifest.
873 silly tarball no local data for @kurkle/color@https://registry.npmjs.org/@kurkle/color/-/color-0.3.4.tgz. Extracting by manifest.
874 silly tarball no local data for yallist@https://registry.npmjs.org/yallist/-/yallist-3.1.1.tgz. Extracting by manifest.
875 silly tarball no local data for ms@https://registry.npmjs.org/ms/-/ms-2.1.3.tgz. Extracting by manifest.
876 silly tarball no local data for node-releases@https://registry.npmjs.org/node-releases/-/node-releases-2.0.27.tgz. Extracting by manifest.
877 silly tarball no local data for update-browserslist-db@https://registry.npmjs.org/update-browserslist-db/-/update-browserslist-db-1.2.3.tgz. Extracting by manifest.
878 silly tarball no local data for electron-to-chromium@https://registry.npmjs.org/electron-to-chromium/-/electron-to-chromium-1.5.267.tgz. Extracting by manifest.
879 silly tarball no local data for caniuse-lite@https://registry.npmjs.org/caniuse-lite/-/caniuse-lite-1.0.30001762.tgz. Extracting by manifest.
880 silly tarball no local data for @types/babel__traverse@https://registry.npmjs.org/@types/babel__traverse/-/babel__traverse-7.28.0.tgz. Extracting by manifest.
881 silly tarball no local data for baseline-browser-mapping@https://registry.npmjs.org/baseline-browser-mapping/-/baseline-browser-mapping-2.9.11.tgz. Extracting by manifest.
882 silly tarball no local data for @jridgewell/sourcemap-codec@https://registry.npmjs.org/@jridgewell/sourcemap-codec/-/sourcemap-codec-1.5.5.tgz. Extracting by manifest.
883 silly tarball no local data for @types/babel__template@https://registry.npmjs.org/@types/babel__template/-/babel__template-7.4.4.tgz. Extracting by manifest.
884 silly tarball no local data for @jridgewell/resolve-uri@https://registry.npmjs.org/@jridgewell/resolve-uri/-/resolve-uri-3.1.2.tgz. Extracting by manifest.
885 http cache @types/react@https://registry.npmjs.org/@types/react/-/react-18.3.27.tgz 0ms (cache hit)
886 silly tarball no local data for @types/babel__generator@https://registry.npmjs.org/@types/babel__generator/-/babel__generator-7.27.0.tgz. Extracting by manifest.
887 silly tarball no local data for @babel/helper-string-parser@https://registry.npmjs.org/@babel/helper-string-parser/-/helper-string-parser-7.27.1.tgz. Extracting by manifest.
888 silly tarball no local data for @babel/helper-globals@https://registry.npmjs.org/@babel/helper-globals/-/helper-globals-7.28.0.tgz. Extracting by manifest.
889 silly tarball no local data for @babel/helper-plugin-utils@https://registry.npmjs.org/@babel/helper-plugin-utils/-/helper-plugin-utils-7.27.1.tgz. Extracting by manifest.
890 silly tarball no local data for lru-cache@https://registry.npmjs.org/lru-cache/-/lru-cache-5.1.1.tgz. Extracting by manifest.
891 silly tarball no local data for browserslist@https://registry.npmjs.org/browserslist/-/browserslist-4.28.1.tgz. Extracting by manifest.
892 silly tarball no local data for jsesc@https://registry.npmjs.org/jsesc/-/jsesc-3.1.0.tgz. Extracting by manifest.
893 silly tarball no local data for @babel/helper-module-imports@https://registry.npmjs.org/@babel/helper-module-imports/-/helper-module-imports-7.27.1.tgz. Extracting by manifest.
894 silly tarball no local data for @babel/helper-validator-option@https://registry.npmjs.org/@babel/helper-validator-option/-/helper-validator-option-7.27.1.tgz. Extracting by manifest.
895 silly tarball no local data for @babel/compat-data@https://registry.npmjs.org/@babel/compat-data/-/compat-data-7.28.5.tgz. Extracting by manifest.
896 silly tarball no local data for @jridgewell/gen-mapping@https://registry.npmjs.org/@jridgewell/gen-mapping/-/gen-mapping-0.3.13.tgz. Extracting by manifest.
897 silly tarball no local data for @jridgewell/trace-mapping@https://registry.npmjs.org/@jridgewell/trace-mapping/-/trace-mapping-0.3.31.tgz. Extracting by manifest.
898 silly tarball no local data for js-tokens@https://registry.npmjs.org/js-tokens/-/js-tokens-4.0.0.tgz. Extracting by manifest.
899 silly tarball no local data for picocolors@https://registry.npmjs.org/picocolors/-/picocolors-1.1.1.tgz. Extracting by manifest.
900 silly tarball no local data for @babel/helper-validator-identifier@https://registry.npmjs.org/@babel/helper-validator-identifier/-/helper-validator-identifier-7.28.5.tgz. Extracting by manifest.
901 silly tarball no local data for semver@https://registry.npmjs.org/semver/-/semver-6.3.1.tgz. Extracting by manifest.
902 silly tarball no local data for json5@https://registry.npmjs.org/json5/-/json5-2.2.3.tgz. Extracting by manifest.
903 silly tarball no local data for gensync@https://registry.npmjs.org/gensync/-/gensync-1.0.0-beta.2.tgz. Extracting by manifest.
904 silly tarball no local data for debug@https://registry.npmjs.org/debug/-/debug-4.4.3.tgz. Extracting by manifest.
905 silly tarball no local data for @jridgewell/remapping@https://registry.npmjs.org/@jridgewell/remapping/-/remapping-2.3.5.tgz. Extracting by manifest.
906 silly tarball no local data for @babel/types@https://registry.npmjs.org/@babel/types/-/types-7.28.5.tgz. Extracting by manifest.
907 silly tarball no local data for convert-source-map@https://registry.npmjs.org/convert-source-map/-/convert-source-map-2.0.0.tgz. Extracting by manifest.
908 silly tarball no local data for @babel/parser@https://registry.npmjs.org/@babel/parser/-/parser-7.28.5.tgz. Extracting by manifest.
909 silly tarball no local data for @babel/traverse@https://registry.npmjs.org/@babel/traverse/-/traverse-7.28.5.tgz. Extracting by manifest.
910 silly tarball no local data for @babel/helper-compilation-targets@https://registry.npmjs.org/@babel/helper-compilation-targets/-/helper-compilation-targets-7.27.2.tgz. Extracting by manifest.
911 silly tarball no local data for @babel/template@https://registry.npmjs.org/@babel/template/-/template-7.27.2.tgz. Extracting by manifest.
912 silly tarball no local data for @babel/helper-module-transforms@https://registry.npmjs.org/@babel/helper-module-transforms/-/helper-module-transforms-7.28.3.tgz. Extracting by manifest.
913 silly tarball no local data for @babel/code-frame@https://registry.npmjs.org/@babel/code-frame/-/code-frame-7.27.1.tgz. Extracting by manifest.
914 silly tarball no local data for @babel/generator@https://registry.npmjs.org/@babel/generator/-/generator-7.28.5.tgz. Extracting by manifest.
915 silly tarball no local data for @babel/helpers@https://registry.npmjs.org/@babel/helpers/-/helpers-7.28.4.tgz. Extracting by manifest.
916 silly tarball no local data for @types/babel__core@https://registry.npmjs.org/@types/babel__core/-/babel__core-7.20.5.tgz. Extracting by manifest.
917 silly tarball no local data for react-refresh@https://registry.npmjs.org/react-refresh/-/react-refresh-0.17.0.tgz. Extracting by manifest.
918 silly tarball no local data for @rolldown/pluginutils@https://registry.npmjs.org/@rolldown/pluginutils/-/pluginutils-1.0.0-beta.27.tgz. Extracting by manifest.
919 silly tarball no local data for @babel/plugin-transform-react-jsx-source@https://registry.npmjs.org/@babel/plugin-transform-react-jsx-source/-/plugin-transform-react-jsx-source-7.27.1.tgz. Extracting by manifest.
920 silly tarball no local data for @types/prop-types@https://registry.npmjs.org/@types/prop-types/-/prop-types-15.7.15.tgz. Extracting by manifest.
921 silly tarball no local data for csstype@https://registry.npmjs.org/csstype/-/csstype-3.2.3.tgz. Extracting by manifest.
922 silly tarball no local data for react-leaflet@https://registry.npmjs.org/react-leaflet/-/react-leaflet-4.2.1.tgz. Extracting by manifest.
923 silly tarball no local data for @babel/plugin-transform-react-jsx-self@https://registry.npmjs.org/@babel/plugin-transform-react-jsx-self/-/plugin-transform-react-jsx-self-7.27.1.tgz. Extracting by manifest.
924 silly tarball no local data for @babel/core@https://registry.npmjs.org/@babel/core/-/core-7.28.5.tgz. Extracting by manifest.
925 silly tarball no local data for react@https://registry.npmjs.org/react/-/react-18.3.1.tgz. Extracting by manifest.
926 silly tarball no local data for react-dom@https://registry.npmjs.org/react-dom/-/react-dom-18.3.1.tgz. Extracting by manifest.
927 silly tarball no local data for react-chartjs-2@https://registry.npmjs.org/react-chartjs-2/-/react-chartjs-2-5.3.1.tgz. Extracting by manifest.
928 silly tarball no local data for @vitejs/plugin-react@https://registry.npmjs.org/@vitejs/plugin-react/-/plugin-react-4.7.0.tgz. Extracting by manifest.
929 silly tarball no local data for leaflet@https://registry.npmjs.org/leaflet/-/leaflet-1.9.4.tgz. Extracting by manifest.
930 silly tarball no local data for @types/react-dom@https://registry.npmjs.org/@types/react-dom/-/react-dom-18.3.7.tgz. Extracting by manifest.
931 silly tarball no local data for chart.js@https://registry.npmjs.org/chart.js/-/chart.js-4.5.1.tgz. Extracting by manifest.
932 silly tarball no local data for vite@https://registry.npmjs.org/vite/-/vite-5.4.21.tgz. Extracting by manifest.
933 silly tarball no local data for @types/react@https://registry.npmjs.org/@types/react/-/react-18.3.27.tgz. Extracting by manifest.
934 http fetch POST 200 https://registry.npmjs.org/-/npm/v1/security/advisories/bulk 690ms
935 silly audit report {
935 silly audit report   esbuild: [
935 silly audit report     {
935 silly audit report       id: 1102341,
935 silly audit report       url: 'https://github.com/advisories/GHSA-67mh-4wv8-2f99',
935 silly audit report       title: 'esbuild enables any website to send any requests to the development server and read the response',
935 silly audit report       severity: 'moderate',
935 silly audit report       vulnerable_versions: '<=0.24.2',
935 silly audit report       cwe: [Array],
935 silly audit report       cvss: [Object]
935 silly audit report     }
935 silly audit report   ]
935 silly audit report }
936 silly packumentCache corgi:https://registry.npmjs.org/esbuild cache-miss
937 http fetch GET 200 https://registry.npmjs.org/nanoid/-/nanoid-3.3.11.tgz 1323ms (cache miss)
938 http fetch GET 200 https://registry.npmjs.org/yallist/-/yallist-3.1.1.tgz 1362ms (cache miss)
939 http fetch GET 200 https://registry.npmjs.org/node-releases/-/node-releases-2.0.27.tgz 1411ms (cache miss)
940 http fetch GET 200 https://registry.npmjs.org/ms/-/ms-2.1.3.tgz 1602ms (cache miss)
941 http fetch GET 200 https://registry.npmjs.org/@types/estree/-/estree-1.0.8.tgz 1655ms (cache miss)
942 http fetch GET 200 https://registry.npmjs.org/update-browserslist-db/-/update-browserslist-db-1.2.3.tgz 1730ms (cache miss)
943 http fetch GET 200 https://registry.npmjs.org/@types/babel__traverse/-/babel__traverse-7.28.0.tgz 1718ms (cache miss)
944 http fetch GET 200 https://registry.npmjs.org/@babel/helper-globals/-/helper-globals-7.28.0.tgz 1712ms (cache miss)
945 http fetch GET 200 https://registry.npmjs.org/@types/babel__template/-/babel__template-7.4.4.tgz 1754ms (cache miss)
946 http fetch GET 200 https://registry.npmjs.org/@babel/compat-data/-/compat-data-7.28.5.tgz 1719ms (cache miss)
947 http fetch GET 200 https://registry.npmjs.org/@babel/helper-string-parser/-/helper-string-parser-7.27.1.tgz 1750ms (cache miss)
948 http fetch GET 200 https://registry.npmjs.org/@types/babel__generator/-/babel__generator-7.27.0.tgz 1762ms (cache miss)
949 http fetch GET 200 https://registry.npmjs.org/@babel/helper-validator-identifier/-/helper-validator-identifier-7.28.5.tgz 1739ms (cache miss)
950 http fetch GET 200 https://registry.npmjs.org/picocolors/-/picocolors-1.1.1.tgz 1764ms (cache miss)
951 http fetch GET 200 https://registry.npmjs.org/react-refresh/-/react-refresh-0.17.0.tgz 1710ms (cache miss)
952 http fetch GET 200 https://registry.npmjs.org/@jridgewell/remapping/-/remapping-2.3.5.tgz 1770ms (cache miss)
953 http fetch GET 200 https://registry.npmjs.org/js-tokens/-/js-tokens-4.0.0.tgz 1801ms (cache miss)
954 http fetch GET 200 https://registry.npmjs.org/convert-source-map/-/convert-source-map-2.0.0.tgz 1779ms (cache miss)
955 http fetch GET 200 https://registry.npmjs.org/@types/prop-types/-/prop-types-15.7.15.tgz 1758ms (cache miss)
956 http fetch GET 200 https://registry.npmjs.org/@babel/helper-plugin-utils/-/helper-plugin-utils-7.27.1.tgz 1856ms (cache miss)
957 http fetch GET 200 https://registry.npmjs.org/@babel/plugin-transform-react-jsx-self/-/plugin-transform-react-jsx-self-7.27.1.tgz 1776ms (cache miss)
958 http fetch GET 200 https://registry.npmjs.org/@types/babel__core/-/babel__core-7.20.5.tgz 1824ms (cache miss)
959 http fetch GET 200 https://registry.npmjs.org/@rolldown/pluginutils/-/pluginutils-1.0.0-beta.27.tgz 1826ms (cache miss)
960 http fetch GET 200 https://registry.npmjs.org/@types/react-dom/-/react-dom-18.3.7.tgz 1812ms (cache miss)
961 http fetch GET 200 https://registry.npmjs.org/loose-envify/-/loose-envify-1.4.0.tgz 2016ms (cache miss)
962 http fetch GET 200 https://registry.npmjs.org/lru-cache/-/lru-cache-5.1.1.tgz 1936ms (cache miss)
963 http fetch GET 200 https://registry.npmjs.org/@babel/plugin-transform-react-jsx-source/-/plugin-transform-react-jsx-source-7.27.1.tgz 1856ms (cache miss)
964 http fetch GET 200 https://registry.npmjs.org/@babel/helper-validator-option/-/helper-validator-option-7.27.1.tgz 2043ms (cache miss)
965 http fetch GET 200 https://registry.npmjs.org/@jridgewell/resolve-uri/-/resolve-uri-3.1.2.tgz 2095ms (cache miss)
966 http fetch GET 200 https://registry.npmjs.org/gensync/-/gensync-1.0.0-beta.2.tgz 2050ms (cache miss)
967 http fetch GET 200 https://registry.npmjs.org/jsesc/-/jsesc-3.1.0.tgz 2099ms (cache miss)
968 http fetch GET 200 https://registry.npmjs.org/@babel/code-frame/-/code-frame-7.27.1.tgz 2050ms (cache miss)
969 http fetch GET 200 https://registry.npmjs.org/baseline-browser-mapping/-/baseline-browser-mapping-2.9.11.tgz 2185ms (cache miss)
970 http fetch GET 200 https://registry.npmjs.org/semver/-/semver-6.3.1.tgz 2153ms (cache miss)
971 http fetch GET 200 https://registry.npmjs.org/escalade/-/escalade-3.2.0.tgz 2291ms (cache miss)
972 http fetch GET 200 https://registry.npmjs.org/electron-to-chromium/-/electron-to-chromium-1.5.267.tgz 2276ms (cache miss)
973 http fetch GET 200 https://registry.npmjs.org/@vitejs/plugin-react/-/plugin-react-4.7.0.tgz 2131ms (cache miss)
974 http fetch GET 200 https://registry.npmjs.org/debug/-/debug-4.4.3.tgz 2210ms (cache miss)
975 http fetch GET 200 https://registry.npmjs.org/browserslist/-/browserslist-4.28.1.tgz 2254ms (cache miss)
976 http fetch GET 200 https://registry.npmjs.org/esbuild/-/esbuild-0.21.5.tgz 2415ms (cache miss)
977 http fetch GET 200 https://registry.npmjs.org/@kurkle/color/-/color-0.3.4.tgz 2408ms (cache miss)
978 http fetch GET 200 https://registry.npmjs.org/@babel/helper-module-imports/-/helper-module-imports-7.27.1.tgz 2442ms (cache miss)
979 http fetch GET 200 https://registry.npmjs.org/scheduler/-/scheduler-0.23.2.tgz 2624ms (cache miss)
980 http fetch GET 200 https://registry.npmjs.org/source-map-js/-/source-map-js-1.2.1.tgz 2653ms (cache miss)
981 http fetch GET 200 https://registry.npmjs.org/esbuild 2218ms (cache miss)
982 silly packumentCache corgi:https://registry.npmjs.org/esbuild set size:undefined disposed:false
983 http fetch GET 200 https://registry.npmjs.org/@babel/helper-compilation-targets/-/helper-compilation-targets-7.27.2.tgz 2576ms (cache miss)
984 http fetch GET 200 https://registry.npmjs.org/react-chartjs-2/-/react-chartjs-2-5.3.1.tgz 2802ms (cache miss)
985 silly packumentCache corgi:https://registry.npmjs.org/vite cache-miss
986 http fetch GET 200 https://registry.npmjs.org/@types/react/-/react-18.3.27.tgz 2792ms (cache miss)
987 http fetch GET 200 https://registry.npmjs.org/@babel/template/-/template-7.27.2.tgz 2934ms (cache miss)
988 http fetch GET 200 https://registry.npmjs.org/csstype/-/csstype-3.2.3.tgz 2997ms (cache miss)
989 http fetch GET 200 https://registry.npmjs.org/react/-/react-18.3.1.tgz 3053ms (cache miss)
990 http fetch GET 200 https://registry.npmjs.org/@babel/helper-module-transforms/-/helper-module-transforms-7.28.3.tgz 3085ms (cache miss)
991 http fetch GET 200 https://registry.npmjs.org/json5/-/json5-2.2.3.tgz 3203ms (cache miss)
992 http fetch GET 200 https://registry.npmjs.org/@jridgewell/sourcemap-codec/-/sourcemap-codec-1.5.5.tgz 3311ms (cache miss)
993 http fetch GET 200 https://registry.npmjs.org/@babel/parser/-/parser-7.28.5.tgz 3327ms (cache miss)
994 http fetch GET 200 https://registry.npmjs.org/@jridgewell/gen-mapping/-/gen-mapping-0.3.13.tgz 3451ms (cache miss)
995 http fetch GET 200 https://registry.npmjs.org/@rollup/rollup-win32-x64-msvc/-/rollup-win32-x64-msvc-4.54.0.tgz 3592ms (cache miss)
996 http fetch GET 200 https://registry.npmjs.org/@rollup/rollup-win32-x64-gnu/-/rollup-win32-x64-gnu-4.54.0.tgz 3672ms (cache miss)
997 http fetch GET 200 https://registry.npmjs.org/@react-leaflet/core/-/core-2.1.0.tgz 3708ms (cache miss)
998 http fetch GET 200 https://registry.npmjs.org/react-leaflet/-/react-leaflet-4.2.1.tgz 3828ms (cache miss)
999 http fetch GET 200 https://registry.npmjs.org/@jridgewell/trace-mapping/-/trace-mapping-0.3.31.tgz 3933ms (cache miss)
1000 http fetch GET 200 https://registry.npmjs.org/vite 1084ms (cache miss)
1001 silly packumentCache corgi:https://registry.npmjs.org/vite set size:undefined disposed:false
1002 http fetch GET 200 https://registry.npmjs.org/postcss/-/postcss-8.5.6.tgz 4533ms (cache miss)
1003 silly packumentCache corgi:https://registry.npmjs.org/@vitejs%2fplugin-react cache-miss
1004 http fetch GET 200 https://registry.npmjs.org/rollup/-/rollup-4.54.0.tgz 4661ms (cache miss)
1005 http fetch GET 200 https://registry.npmjs.org/@babel/generator/-/generator-7.28.5.tgz 4613ms (cache miss)
1006 http fetch GET 200 https://registry.npmjs.org/vite/-/vite-5.4.21.tgz 4624ms (cache miss)
1007 http fetch GET 200 https://registry.npmjs.org/@vitejs%2fplugin-react 226ms (cache miss)
1008 silly packumentCache corgi:https://registry.npmjs.org/@vitejs%2fplugin-react set size:undefined disposed:false
1009 http fetch GET 200 https://registry.npmjs.org/react-dom/-/react-dom-18.3.1.tgz 4871ms (cache miss)
1010 http fetch GET 200 https://registry.npmjs.org/@babel/traverse/-/traverse-7.28.5.tgz 5092ms (cache miss)
1011 http fetch GET 200 https://registry.npmjs.org/@esbuild/win32-x64/-/win32-x64-0.21.5.tgz 5420ms (cache miss)
1012 http fetch GET 200 https://registry.npmjs.org/@babel/core/-/core-7.28.5.tgz 5627ms (cache miss)
1013 http fetch GET 200 https://registry.npmjs.org/leaflet/-/leaflet-1.9.4.tgz 5666ms (cache miss)
1014 http fetch GET 200 https://registry.npmjs.org/chart.js/-/chart.js-4.5.1.tgz 5744ms (cache miss)
1015 http fetch GET 200 https://registry.npmjs.org/@babel/types/-/types-7.28.5.tgz 6384ms (cache miss)
1016 http fetch GET 200 https://registry.npmjs.org/@babel/helpers/-/helpers-7.28.4.tgz 6700ms (cache miss)
1017 http fetch GET 200 https://registry.npmjs.org/caniuse-lite/-/caniuse-lite-1.0.30001762.tgz 10292ms (cache miss)
1018 info run esbuild@0.21.5 postinstall node_modules/esbuild node install.js
1019 info run esbuild@0.21.5 postinstall { code: 0, signal: null }
1020 silly ADD node_modules/@types/estree
1021 silly ADD node_modules/@rollup/rollup-win32-x64-msvc
1022 silly ADD node_modules/@rollup/rollup-win32-x64-gnu
1023 silly ADD node_modules/@rollup/rollup-win32-ia32-msvc
1024 silly ADD node_modules/@rollup/rollup-win32-arm64-msvc
1025 silly ADD node_modules/@rollup/rollup-openharmony-arm64
1026 silly ADD node_modules/@rollup/rollup-linux-x64-musl
1027 silly ADD node_modules/@rollup/rollup-linux-x64-gnu
1028 silly ADD node_modules/@rollup/rollup-linux-s390x-gnu
1029 silly ADD node_modules/@rollup/rollup-linux-riscv64-musl
1030 silly ADD node_modules/@rollup/rollup-linux-riscv64-gnu
1031 silly ADD node_modules/@rollup/rollup-linux-ppc64-gnu
1032 silly ADD node_modules/@rollup/rollup-linux-loong64-gnu
1033 silly ADD node_modules/@rollup/rollup-linux-arm64-musl
1034 silly ADD node_modules/@rollup/rollup-linux-arm64-gnu
1035 silly ADD node_modules/@rollup/rollup-linux-arm-musleabihf
1036 silly ADD node_modules/@rollup/rollup-linux-arm-gnueabihf
1037 silly ADD node_modules/@rollup/rollup-freebsd-x64
1038 silly ADD node_modules/@rollup/rollup-freebsd-arm64
1039 silly ADD node_modules/@rollup/rollup-darwin-x64
1040 silly ADD node_modules/@rollup/rollup-darwin-arm64
1041 silly ADD node_modules/@rollup/rollup-android-arm64
1042 silly ADD node_modules/@rollup/rollup-android-arm-eabi
1043 silly ADD node_modules/source-map-js
1044 silly ADD node_modules/nanoid
1045 silly ADD node_modules/@esbuild/win32-x64
1046 silly ADD node_modules/@esbuild/win32-ia32
1047 silly ADD node_modules/@esbuild/win32-arm64
1048 silly ADD node_modules/@esbuild/sunos-x64
1049 silly ADD node_modules/@esbuild/openbsd-x64
1050 silly ADD node_modules/@esbuild/netbsd-x64
1051 silly ADD node_modules/@esbuild/linux-x64
1052 silly ADD node_modules/@esbuild/linux-s390x
1053 silly ADD node_modules/@esbuild/linux-riscv64
1054 silly ADD node_modules/@esbuild/linux-ppc64
1055 silly ADD node_modules/@esbuild/linux-mips64el
1056 silly ADD node_modules/@esbuild/linux-loong64
1057 silly ADD node_modules/@esbuild/linux-ia32
1058 silly ADD node_modules/@esbuild/linux-arm64
1059 silly ADD node_modules/@esbuild/linux-arm
1060 silly ADD node_modules/@esbuild/freebsd-x64
1061 silly ADD node_modules/@esbuild/freebsd-arm64
1062 silly ADD node_modules/@esbuild/darwin-x64
1063 silly ADD node_modules/@esbuild/darwin-arm64
1064 silly ADD node_modules/@esbuild/android-x64
1065 silly ADD node_modules/@esbuild/android-arm64
1066 silly ADD node_modules/@esbuild/android-arm
1067 silly ADD node_modules/@esbuild/aix-ppc64
1068 silly ADD node_modules/rollup
1069 silly ADD node_modules/postcss
1070 silly ADD node_modules/fsevents
1071 silly ADD node_modules/esbuild
1072 silly ADD node_modules/escalade
1073 silly ADD node_modules/@react-leaflet/core
1074 silly ADD node_modules/scheduler
1075 silly ADD node_modules/loose-envify
1076 silly ADD node_modules/yallist
1077 silly ADD node_modules/ms
1078 silly ADD node_modules/@kurkle/color
1079 silly ADD node_modules/update-browserslist-db
1080 silly ADD node_modules/node-releases
1081 silly ADD node_modules/electron-to-chromium
1082 silly ADD node_modules/caniuse-lite
1083 silly ADD node_modules/baseline-browser-mapping
1084 silly ADD node_modules/@types/babel__traverse
1085 silly ADD node_modules/@types/babel__template
1086 silly ADD node_modules/@types/babel__generator
1087 silly ADD node_modules/@jridgewell/resolve-uri
1088 silly ADD node_modules/@jridgewell/sourcemap-codec
1089 silly ADD node_modules/@babel/helper-string-parser
1090 silly ADD node_modules/@babel/helper-globals
1091 silly ADD node_modules/@babel/helper-plugin-utils
1092 silly ADD node_modules/@babel/helper-module-imports
1093 silly ADD node_modules/lru-cache
1094 silly ADD node_modules/browserslist
1095 silly ADD node_modules/@babel/helper-validator-option
1096 silly ADD node_modules/@babel/compat-data
1097 silly ADD node_modules/jsesc
1098 silly ADD node_modules/@jridgewell/trace-mapping
1099 silly ADD node_modules/@jridgewell/gen-mapping
1100 silly ADD node_modules/picocolors
1101 silly ADD node_modules/js-tokens
1102 silly ADD node_modules/@babel/helper-validator-identifier
1103 silly ADD node_modules/semver
1104 silly ADD node_modules/json5
1105 silly ADD node_modules/gensync
1106 silly ADD node_modules/debug
1107 silly ADD node_modules/convert-source-map
1108 silly ADD node_modules/@jridgewell/remapping
1109 silly ADD node_modules/@babel/types
1110 silly ADD node_modules/@babel/traverse
1111 silly ADD node_modules/@babel/template
1112 silly ADD node_modules/@babel/parser
1113 silly ADD node_modules/@babel/helpers
1114 silly ADD node_modules/@babel/helper-module-transforms
1115 silly ADD node_modules/@babel/helper-compilation-targets
1116 silly ADD node_modules/@babel/generator
1117 silly ADD node_modules/@babel/code-frame
1118 silly ADD node_modules/react-refresh
1119 silly ADD node_modules/@types/babel__core
1120 silly ADD node_modules/@rolldown/pluginutils
1121 silly ADD node_modules/@babel/plugin-transform-react-jsx-source
1122 silly ADD node_modules/@babel/plugin-transform-react-jsx-self
1123 silly ADD node_modules/@babel/core
1124 silly ADD node_modules/csstype
1125 silly ADD node_modules/@types/prop-types
1126 silly ADD node_modules/react-leaflet
1127 silly ADD node_modules/react-dom
1128 silly ADD node_modules/react-chartjs-2
1129 silly ADD node_modules/react
1130 silly ADD node_modules/leaflet
1131 silly ADD node_modules/chart.js
1132 silly ADD node_modules/vite
1133 silly ADD node_modules/@vitejs/plugin-react
1134 silly ADD node_modules/@types/react-dom
1135 silly ADD node_modules/@types/react
1136 verbose cwd C:\Users\hp\Desktop\projects\weather-app
1137 verbose os Windows_NT 10.0.26200
1138 verbose node v22.16.0
1139 verbose npm  v11.6.1
1140 notice
1140 notice New [33mminor[39m version of npm available! [33m11.6.1[39m -> [34m11.7.0[39m
1140 notice Changelog: [34mhttps://github.com/npm/cli/releases/tag/v11.7.0[39m
1140 notice To update run: [4mnpm install -g npm@11.7.0[24m
1140 notice  { force: true, [Symbol(proc-log.meta)]: true }
1141 verbose exit 0
1142 info ok
